CAS Registry No. (or other ID),Substance,Reg col01,Reg col02,Reg col03,Reg col04,Reg col05,Reg col06,Reg01,Reg02,reg03,reg04,reg05,reg06,reg07,reg08,reg09,reg10,reg11,reg12,reg13,reg14,reg15,reg16,reg17,reg18,reg19,reg20,reg21,Reg prohibited189,regs Labeling-Standards,Other Names,SYN01,SYN02,SYN03,SYN04,SYN05,SYN06,SYN07,SYN08,SYN09,SYN10,SYN11,SYN12,SYN13,SYN14,SYN15,SYN16,SYN17,SYN18,SYN19
7733-02-0," ZINC SULFATE, ANHYDROUS",,,,,,,,,,,,,,,,,,,,,,,,,,,,,," ZINC SULFATE, ANHYDROUS"," SULFURIC ACID, ZINC SALT (1:1)", WHITE VITRIOL, ZINC SULFATE (ZNSO4), ZINC(II) SULFATE, ZINC VITRIOL,,,,,,,,,,,,,,
112-57-2, TETRAETHYLENEPENTAMINE,,,,,,,175.105,175.3,176.17,176.18,177.101,177.12,,,,,,,,,,,,,,,,,, TETRAETHYLENEPENTAMINE," N-(2-AMINOETHYL)-N'-(2-((2-AMINOETHYL)AMINO)ETHYL)-1,2-ETHANEDIAMINE"," 1,4,7,10,13-PENTAAZATRIDECANE"," 1,11-DIAMINO-3,6,9-TRIAZAUNDECANE"," 3,6,9-TRIAZAUNDECANE-1,11-DIAMINE"," 1,2-ETHANEDIAMINE, N-(2-AMINOETHYL)-N'-(2-((2-AMINOETHYL)AMINO)ETHYL)-",,,,,,,,,,,,,,
102-08-9," 1,3-DIPHENYL-2-THIOUREA",,,,,,,175.105,177.26,178.201,,,,,,,,,,,,,,,,,,,,," 1,3-DIPHENYL-2-THIOUREA"," DIPHENYLTHIOUREA, SYM-"," CARBANILIDE, THIO-"," N,N'-DIPHENYLTHIOUREA"," N,N'-DIPHENYLTHIOCARBAMIDE", SULFOCARBANILIDE, THIOCARBANILIDE," THIOUREA, N,N'-DIPHENYL-",,,,,,,,,,,,
80-09-1, DIPHENYLSULFONE,,,,,,,177.244,,,,,,,,,,,,,,,,,,,,,,," 4,4'-SULFONYLDIPHENOL", BISPHENOL S," PHENOL, 4,4'-SULFONYLBIS-"," PHENOL, 4,4'-SULFONYLDI-"," 4,4'-DIHYDROXYDIPHENYL SULFONE"," 4,4'-SULFONYLBIS(PHENOL)"," 4,4'-BISPHENOL S"," 4,4'-SULFONYLBISPHENOL",,,,,,,,,,,,
7440-48-4, COBALT,,,,,,,,,,,,,,,,,,,,,,,,,,,,,, COBALT, cobalt 59, C.I. 77320,,,,,,,,,,,,,,,,,
123-77-3, AZODICARBONAMIDE,,,,,,,172.806,177.121,177.26,178.301,,,,,,,,,,,,,,,,,,," 136.110 ,  137.105 ,  137.200", AZODICARBONAMIDE, DIAZENEDICARBOXAMIDE," FORMAMIDE, 1,1'-AZOBIS-"," 1,1'-AZOBIS(FORMAMIDE)"," 1,1'-BIUREA, DELTA-", AZODICARBOXAMIDE,,,,,,,,,,,,,,
100-51-6, BENZYL ALCOHOL,73.1001,,,,,,172.515,175.105,175.3,177.121,,,,,,,,,,,,,,,,,,,, BENZYL ALCOHOL, ALPHA-HYDROXYTOLUENE, PHENYLCARBINOL, PHENYLMETHANOL, PHENYLMETHYL ALCOHOL, BENZENEMETHANOL, BENZENECARBINOL, (hydroxymethyl)benzene," toluenol, alpha-",,,,,,,,,,,
131-57-7, OXYBENZONE,,,,,,,177.101,,,,,,,,,,,,,,,,,,,,,,, OXYBENZONE, 2-HYDROXY-4-METHOXYBENZOPHENONE," BENZOPHENONE, 2-HYDROXY-4-METHOXY-"," METHANONE, (2-HYDROXY-4-METHOXYPHENYL)PHENYL-", (2-HYDROXY-4-METHOXYPHENYL)PHENYLMETHANONE,,,,,,,,,,,,,,,
110-54-3, HEXANE,73.295,73.3,73.3,73.315,73.345,73.615,172.34,172.56,173.27,175.105,175.32,176.2,177.12,,,,,,,,,,,,,,,,, HEXANE,,,,,,,,,,,,,,,,,,,
110-63-4," 1,4-BUTYLENE GLYCOL",,,,,,,175.105,177.15,177.163,177.166,177.168,177.26,,,,,,,,,,,,,,,,,," 1,4-BUTYLENE GLYCOL"," 1,4-BUTANEDIOL"," 1,4-DIHYDROXYBUTANE", TETRAMETHYLENE GLYCOL,,,,,,,,,,,,,,,,
120-51-4, BENZYL BENZOATE,,,,,,,172.515,175.105,,,,,,,,,,,,,,,,,,,,,, BENZYL BENZOATE, BENZYL BENZENECARBOXYLATE, BENZYL PHENYLFORMATE," BENZOIC ACID, PHENYLMETHYL ESTER", PHENYLMETHYL BENZOATE," BENZOIC ACID, BENZYL ESTER",,,,,,,,,,,,,,
123-86-4, BUTYL ACETATE,,,,,,,172.515,175.105,175.32,177.12,,,,,,,,,,,,,,,,,,,, BUTYL ACETATE, BUTYL ETHANOATE," ACETIC ACID, BUTYL ESTER", 1-acetoxybutane, 1-butyl acetate,,,,,,,,,,,,,,,
110-86-1, PYRIDINE,,,,,,,177.158,177.1585,,,,,,,,,,,,,,,,,,,,,, PYRIDINE, AZABENZENE, AZINE,,,,,,,,,,,,,,,,,
84-65-1," 9,10-ANTHRAQUINONE",,,,,,,176.17,,,,,,,,,,,,,,,,,,,,,,, ANTHRAQUINONE," 9,10-ANTHRACENEDIONE"," ANTHRACENE-9,10-QUINONE", ANTHRADIONE, HOELITE," 9,10-ANTHRAQUINONE"," 9,10-DIOXOANTHRACENE",,,,,,,,,,,,,
121-69-7," N,N-DIMETHYLBENZENAMINE",,,,,,,177.242,,,,,,,,,,,,,,,,,,,,,,," N,N-DIMETHYLANILINE"," N,N-DIMETHYLBENZENAMINE"," BENZENAMINE, N,N-DIMETHYL-"," ANILINE, N,N-DIMETHYL-",,,,,,,,,,,,,,,,
88-04-0, CHLOROXYLENOL,,,,,,,175.105,,,,,,,,,,,,,,,,,,,,,,, CHLOROXYLENOL," chlorometaxylenol, p-"," chloro-m-xylenol, p-"," 4-chloro-3,5-xylenol"," 4-chloro-3,5-dimethylphenol"," 3,5-dimethyl-4-chlorophenol"," phenol, 4-chloro-3,5-dimethyl-"," 3,5-xylenol, 4-chloro-"," 2-chloro-5-hydroxy-1,3-dimethylbenzene", 2-chloro-5-hydroxy-m-xylene, 4-chloro-m-xylenol," chloro-3,5-xylenol, p-",,,,,,,,
108-95-2, PHENOL,,,,,,,175.105,175.3,175.38,175.39,176.17,177.121,177.158,177.241,177.26,,,,,,,,,,,,,,, PHENOL, CARBOLIC ACID, HYDROXYBENZENE,,,,,,,,,,,,,,,,,
149-30-4, 2-MERCAPTOBENZOTHIAZOLE,,,,,,,175.105,176.3,177.26,,,,,,,,,,,,,,,,,,,,, MERCAPTOBENZOTHIAZOLE, MBT, 2-BENZOTHIAZOLETHIOL, 2(3H)-BENZOTHIAZOLETHIONE, 2-BENZOTHIAZOLINETHIONE,,,,,,,,,,,,,,,
75-65-0, TERT-BUTYL ALCOHOL,,,,,,,176.2,178.391,,,,,,,,,,,,,,,,,,,,,," BUTYL ALCOHOL, TERT-"," 1,1-DIMETHYLETHANOL", 2-METHYL-2-PROPANOL," BUTANOL, TERT-"," 2-PROPANOL, 2-METHYL-", TERT-BUTYL ALCOHOL, TRIMETHYLCARBINOL, TRIMETHYLMETHANOL,,,,,,,,,,,,
629-70-9, CETYL ACETATE,,,,,,,,,,,,,,,,,,,,,,,,,,,,,, CETYL ACETATE, HEXADECYL ACETATE, PALMITYL ACETATE,,,,,,,,,,,,,,,,,
121-54-0, BENZETHONIUM CHLORIDE,,,,,,,175.105,,,,,,,,,,,,,,,,,,,,,,, BENZETHONIUM CHLORIDE, BENZYLDIMETHYL(((P-TERT-OCTYLPHENOXY)ETHOXY)ETHYL)AMMONIUM CHLORIDE, BENZYLDIMETHYL(DIISOBUTYLPHENOXYETHOXYETHYL)AMMONIUM CHLORIDE," BENZENEMETHANAMINIUM, N,N-DIMETHYL-N-(2-(2-(4-(1,1,3,3-TETRAMETHYLBUTYL)PHENOXY)ETHOXY)ETHYL)-, CHLORIDE"," AMMONIUM, BENZYLDIMETHYL(2-(2-(P-(1,1,3,3-TETRAMETHYLBUTYL)PHENOXY)ETHOXY)ETHYL)-, CHLORIDE"," BENZYLDIMETHYL(2-(2-(P-(1,1,3,3-TETRAMETHYLBUTYL)PHENOXY)ETHOXY)ETHYL)AMMONIUM CHLORIDE", DIISOBUTYLPHENOXYETHOXYETHYL DIMETHYL BENZYL AMMONIUM CHLORIDE, DIISOBUTYLPHENOXYETHOXYETHYLDIMETHYLBENZYLAMMONIUM CHLORIDE, OCTYLPHENOXYETHOXYETHYLDIMETHYLBENZYLAMMONIUM CHLORIDE," N,N-DIMETHYL-N-(2-(2-(4-(1,1,3,3-TETRAMETHYLBUTYL)PHENOXY)ETHOXY)ETHYLBENZENEMETHANAMINIUM CHLORIDE"," OCTYLPHENOXYETHOXYETHYLDIMETHYLBENZYLAMMONIUM CHLORIDE, P-TERT-",,,,,,,,,
126-99-8, CHLOROPRENE,,,,,,,175.105,175.3,177.26,,,,,,,,,,,,,,,,,,,,," 2-CHLORO-1,3-BUTADIENE", BETA-CHLOROPRENE, CHLOROPRENE, 2-CHLOROBUTADIENE," 1,3-BUTADIENE, 2-CHLORO-",,,,,,,,,,,,,,,
7778-77-0," POTASSIUM PHOSPHATE, MONOBASIC",,,,,,,175.105,,,,,,,,,,,,,,,,,,,,,," 101.9 ,  160.110"," POTASSIUM PHOSPHATE, MONOBASIC", MONOPOTASSIUM PHOSPHATE, MONOPOTASSIUM MONOPHOSPHATE, POTASSIUM ACID PHOSPHATE, POTASSIUM DIHYDROGEN PHOSPHATE," PHOSPHORIC ACID, MONOPOTASSIUM SALT"," ORTHOPHOSPHORIC ACID, MONOPOTASSIUM SALT",,,,,,,,,,,,,
67-68-5, DIMETHYL SULFOXIDE,,,,,,,172.859,177.1655,177.244,,,,,,,,,,,,,,,,,,,,, DIMETHYL SULFOXIDE, DMSO, METHYL SULFOXIDE, SULFINYLBIS(METHANE)," METHANE, SULFINYLBIS-", METHYLSULFINYLMETHANE,,,,,,,,,,,,,,
107-15-3, ETHYLENEDIAMINE,,,,,,,173.32,175.105,175.3,175.32,176.18,178.101,178.312,181.3,,,,,,,,,,,,,,,, ETHYLENEDIAMINE," 1,2-ETHANEDIAMINE"," 1,2-DIAMINOETHANE",,,,,,,,,,,,,,,,,
110-85-0, PIPERAZINE,,,,,,,175.105,175.32,177.255,,,,,,,,,,,,,,,,,,,,, PIPERAZINE, DIETHYLENEDIAMINE," PIPERAZINE, ANHYDROUS", HEXAHYDROPYRAZINE, PIPERAZIDINE,,,,,,,,,,,,,,,
64-67-5, DIETHYL SULFATE,,,,,,,,,,,,,,,,,,,,,,,,,,,,,, DIETHYL SULFATE,,,,,,,,,,,,,,,,,,,
127-91-3, BETA-PINENE,,,,,,,172.515,175.3,175.32,,,,,,,,,,,,,,,,,,,,, BETA-PINENE, 2(10)-PINENE, NOPINENE," 6,6-DIMETHYL-2-METHYLENEBICYCLO(3.1.1)HEPTANE"," 6,6-DIMETHYL-2-METHYLENENORPINANE"," BICYCLO(3.1.1)HEPTANE, 6,6-DIMETHYL-2-METHYLENE-", PSEUDOPINENE, TEREBENTHENE," PINENE, BETA-",,,,,,,,,,,
7757-82-6," SODIUM SULFATE, ANHYDROUS",,,,,,,186.1797,,,,,,,,,,,,,,,,,,,,,,," SODIUM SULFATE, ANHYDROUS", SALT CAKE, sulfuric acid disodium salt,,,,,,,,,,,,,,,,,
77-78-1, DIMETHYL SULFATE,,,,,,,175.105,,,,,,,,,,,,,,,,,,,,,,, DIMETHYL SULFATE, METHYL SULFATE (DIMETHYL SULFATE)," SULFURIC ACID, DIMETHYL ESTER",,,,,,,,,,,,,,,,,
139-33-3," EDTA, DISODIUM",73.1,,,,,,172.12,172.135,175.105,176.15,176.17,177.12,178.101,178.357,,,,,,,,,,,,,,," 155.200 ,  169.115 ,  169.140 ,  169.150", DISODIUM ETHYLENEDIAMINETETRAACETATE," ACETIC ACID, (ETHYLENEDINITRILO)TETRA-, DISODIUM SALT", DISODIUM EDETATE, EDTA DISODIUM SALT," DISODIUM EDTA, ANHYDROUS", EDETATE DISODIUM, DISODIUM (ETHYLENEDINITRILO)TETRAACETATE," DISODIUM N,N'-1,2-ETHANEDIYLBIS(N-(CARBOXYMETHYL))GLYCINE"," GLYCINE, N,N'-1,2-ETHANEDIYLBIS(N-(CARBOXYMETHYL)-, DISODIUM SALT",,,,,,,,,,,
142-82-5, HEPTANE,,,,,,,175.105,177.158,177.1585,,,,,,,,,,,,,,,,,,,,, HEPTANE, DIPROPYLMETHANE, HEPTYL HYDRIDE,,,,,,,,,,,,,,,,,
80-62-6, METHYL METHACRYLATE,,,,,,,175.105,175.21,175.3,175.32,175.36,176.17,176.18,177.101,177.103,177.12,177.163,177.183,177.2,177.242,177.2465,178.379,,,,,,,, METHYL METHACRYLATE, 2-(METHOXYCARBONYL)-1-PROPENE," 2-PROPENOIC ACID, 2-METHYL-, METHYL ESTER", METHACRYLIC ACID METHYL ESTER, METHYL 2-METHACRYLATE, METHYL 2-METHYL-2-PROPENOATE,,,,,,,,,,,,,,
10563-26-5," N,N'-BIS(3-AMINOPROPYL)ETHYLENEDIAMINE",,,,,,,177.255,,,,,,,,,,,,,,,,,,,,,,," N,N'-BIS(3-AMINOPROPYL)ETHYLENEDIAMINE"," N,N'-BIS(3-AMINOPROPYL)ETHANE-1,2-DIAMINE"," N,N''-1,2-ETHANEDIYLBIS(1,3-PROPANEDIAMINE)"," N,N''-ETHYLENEBIS(1,3-PROPANEDIAMINE)"," 1,5,8,12-TETRAAZADODECANE"," 1,3-PROPANEDIAMINE, N,N''-1,2-ETHANEDIYLBIS-"," 1,3-PROPANEDIAMINE, N,N''-ETHYLENEBIS-"," 4,7-DIAZADECANE-1,10-DIAMINE",,,,,,,,,,,,
872-50-4, N-METHYL-2-PYRROLIDONE,,,,,,,176.3,177.1655,177.244,,,,,,,,,,,,,,,,,,,,, 1-METHYL-2-PYRROLIDINONE, methylpyrrolidone, N-methylpyrrolidone, N-methyl-2-pyrrolidinone, N-methyl-2-pyrrolidone, 1-methylpyrrolidone," 2-pyrrolidinone, 1-methyl-", 1-methylazacyclopentan-2-one, N-methyl-gamma-butyrolactam,,,,,,,,,,,
134-32-7, 1-NAPHTHYLAMINE,,,,,,,175.105,,,,,,,,,,,,,,,,,,,,,,, 1-NAPHTHYLAMINE, 1-NAPHTHALENAMINE, C.I. 37265, ALPHA-NAPHTHYLAMINE, 1-AMINONAPHTHALENE, C.I. AZOIC DIAZO COMPONENT 114, AZOIC DIAZO COMPONENT 114, FAST GARNET BASE B," NAPHTHYLAMINE, ALPHA-",,,,,,,,,,,
7439-93-2, LITHIUM,,,,,,,175.3,,,,,,,,,,,,,,,,,,,,,,, LITHIUM,,,,,,,,,,,,,,,,,,,
75-35-4, VINYLIDENE CHLORIDE,,,,,,,175.105,175.32,175.36,175.365,176.17,176.18,177.101,177.12,177.163,177.199,177.2,178.395,,,,,,,,,,,, VINYLIDENE CHLORIDE, VINYLIDENE DICHLORIDE," 1,1-DICHLOROETHENE"," 1,1-DICHLOROETHYLENE"," ETHYLENE, 1,1-DICHLORO-"," ETHENE, 1,1-DICHLORO-",,,,,,,,,,,,,,
9000-11-7, CARBOXYMETHYL CELLULOSE,,,,,,,175.105,175.3,182.7,,,,,,,,,,,,,,,,,,,,, CARBOXYMETHYL CELLULOSE," CELLULOSE, CARBOXYMETHYL ETHER", CARBOXY METHYLCELLULOSE ETHER," CELLULOSE, CROSS-LINKED, ALKYLATED WITH EPICHLOROHYDRIN AND PROPYLENE OXIDE, CARBOXYMETHYLATED", GLYCOLIC ACID CELLULOSE ETHER,,,,,,,,,,,,,,,
87-86-5, PENTACHLOROPHENOL,,,,,,,175.105,178.38,,,,,,,,,,,,,,,,,,,,,, PENTACHLOROPHENOL," 2,3,4,5,6-PENTACHLOROPHENOL", PCP, PENTA (PENTACHLOROPHENOL), PERMAGARD," PHENOL, PENTACHLORO-",,,,,,,,,,,,,,
97-23-4," 2,2'-DIHYDROXY-5,5'-DICHLOROPHENYLMETHANE (DICHLOROPHENE)",,,,,,,175.105,,,,,,,,,,,,,,,,,,,,,,, DICHLOROPHEN," 2,2'-DIHYDROXY-5,5'-DICHLORODIPHENYLMETHANE"," 2,2'-METHYLENEBIS(4-CHLOROPHENOL)"," 5,5'-DICHLORO-2,2'-DIHYDROXYDIPHENYLMETHANE"," PHENOL, 2,2'-METHYLENEBIS(4-CHLORO-",,,,,,,,,,,,,,,
83-44-3, DESOXYCHOLIC ACID,,,,,,,178.101,,,,,,,,,,,,,,,,,,,,,,, DEOXYCHOLIC ACID, DIHYDROXYCHOLANOIC ACID, DESOXYCHOLIC ACID," 3,12-DIHYDROXYCHOLANIC ACID"," 3ALPHA,12ALPHA-DIHYDROXY-5BETA-CHOLANIC ACID"," 3ALPHA,12ALPHA-DIHYDROXYCHOLANIC ACID"," CHOLAN-24-OIC ACID, 3,12-DIHYDROXY-, (3ALPHA,5BETA,12ALPHA)-"," 3,12-DIHYDROXYCHOLAN-24-OIC ACID, (3ALPHA,5BETA,12ALPHA)-"," 5BETA-CHOLAN-24-OIC ACID, 3ALPHA,12ALPHA-DIHYDROXY-"," 3ALPHA,12ALPHA-DIHYDROXY-5BETA-CHOLAN-24-OIC ACID",,,,,,,,,,
121-44-8, TRIETHYLAMINE,,,,,,,175.105,177.158,177.1585,,,,,,,,,,,,,,,,,,,,, TRIETHYLAMINE," ETHANAMINE, N,N-DIETHYL-"," N,N-DIETHYLETHANAMINE", (DIETHYLAMINO)ETHANE,,,,,,,,,,,,,,,,
79-00-5," 1,1,2-TRICHLOROETHANE",,,,,,,175.105,177.165,,,,,,,,,,,,,,,,,,,,,," 1,1,2-TRICHLOROETHANE"," ETHANE, 1,1,2-TRICHLORO-", VINYLTRICHLORIDE,,,,,,,,,,,,,,,,,
109-60-4, PROPYL ACETATE,,,,,,,172.515,177.12,,,,,,,,,,,,,,,,,,,,,, PROPYL ACETATE, PROPYL ETHANOATE," ACETIC ACID, PROPYL ESTER", 1-ACETOXYPROPANE,,,,,,,,,,,,,,,,
78-96-6, 1-AMINO-2-PROPANOL,,,,,,,175.105,176.17,176.18,176.21,,,,,,,,,,,,,,,,,,,, 1-AMINO-2-PROPANOL, MONOISOPROPANOLAMINE," 2-PROPANOL, 1-AMINO-", 2-AMINO-1-METHYLETHANOL, 2-HYDROXY-1-PROPYLAMINE," 1-AMINO-2-PROPANOL, DL-", ALPHA-AMINOISOPROPYL ALCOHOL, BETA-AMINOISOPROPANOL, 1-AMINO-2-HYDROXYPROPANE, 1-METHYL-2-AMINOETHANOL," 1-AMINO-2-PROPANOL, (RS)-", THREAMINE,,,,,,,,
502-55-6," O,O-DIETHYL DITHIOBIS(THIOFORMATE)",,,,,,,177.26,,,,,,,,,,,,,,,,,,,,,,," O,O-DIETHYL DITHIOBIS(THIOFORMATE)", BISETHYLXANTHOGEN, DIETHYL XANTHOGEN DISULFIDE, DIXANTHOGEN, DITHIO DIETHYL XANTHATE, DIETHYL THIOPEROXYDICARBONATE," FORMIC ACID, DITHIOBIS(THIO-, O,O-DIETHYL ESTER"," THIOPEROXYDICARBONIC ACID (((HO)C(S))2S2), DIETHYL ESTER",,,,,,,,,,,,
107-13-1, ACRYLONITRILE,,,,,,,175.105,175.3,175.32,175.36,175.365,176.18,177.101,177.102,177.103,177.104,177.105,177.12,177.148,177.163,177.226,177.291,178.379,180.22,181.32,,,,, ACRYLONITRILE, CYANOETHENE, CYANOETHYLENE, PROPENENITRILE, VINYL CYANIDE, 2-PROPENENITRILE, ACRYLONITROGEN,,,,,,,,,,,,,
112-72-1, MYRISTYL ALCOHOL,,,,,,,172.864,175.105,175.3,176.18,176.2,176.21,177.12,177.139,178.348,,,,,,,,,,,,,,, MYRISTYL ALCOHOL, ALCOHOL(C14), TETRADECYL ALCOHOL, 1-TETRADECANOL, C14 ALCOHOL, FATTY ALCOHOL(C14), TETRADECANOL, 1-HYDROXYTETRADECANE,,,,,,,,,,,,
64-17-5, ETHYL ALCOHOL,73.3,73.345,73.615,,,,172.34,172.56,172.58,175.105,176.18,176.2,177.12,177.165,178.101,184.1293,,,,,,,,,,,,," 169.175 ,  169.176 ,  169.177 ,  169.181", ETHYL ALCOHOL, ETHANOL, ETHYL ALCOHOL USP, METHYLCARBINOL, GRAIN ALCOHOL, HYDROXYETHANE, ETHYL HYDROXIDE, 1-HYDROXYETHANE,,,,,,,,,,,,
7440-70-2, CALCIUM,,,,,,,176.2,177.12,177.226,177.26,,,,,,,,,,,,,,,,,,,, CALCIUM,,,,,,,,,,,,,,,,,,,
1309-42-8, MAGNESIUM HYDROXIDE,,,,,,,176.18,176.21,184.1428,,,,,,,,,,,,,,,,,,,,155.17, MAGNESIUM HYDROXIDE, MAGNESIUM HYDROXIDE (MG(OH)2),,,,,,,,,,,,,,,,,,
110-17-8, FUMARIC ACID,,,,,,,172.35,172.808,172.81,172.822,175.105,175.3,175.32,176.17,176.18,177.12,177.15,177.242,,,,,,,,,,,, FUMARIC ACID, BOLETIC ACID, (E)-2-BUTENEDIOIC ACID," BUTENEDIOIC ACID, TRANS-", ALLOMALEIC ACID, ALLOMALENIC ACID," ETHYLENE-1,2-DICARBOXYLIC ACID, TRANS-ALPHA,BETA-"," 1,2-ETHYLENEDICARBOXYLIC ACID, TRANS-", 2-BUTENEDIOIC ACID (E)-,,,,,,,,,,,
7664-93-9, SULFURIC ACID,73.85,,,,,,172.56,172.892,173.385,176.17,176.18,176.21,177.28,178.101,179.45,184.1095,,,,,,,,,,,,,, SULFURIC ACID, OIL OF VITREOL, DIHYDROGEN SULFATE,,,,,,,,,,,,,,,,,
79-46-9, 2-NITROPROPANE,,,,,,,175.105,,,,,,,,,,,,,,,,,,,,,,, 2-NITROPROPANE," PROPANE, 2-NITRO-", ISONITROPROPANE, DIMETHYLNITROMETHANE,,,,,,,,,,,,,,,,
106-51-4," 1,4-BENZOQUINONE",,,,,,,177.242,,,,,,,,,,,,,,,,,,,,,,," 1,4-BENZOQUINONE"," BENZOQUINONE, P-"," QUINONE, P-", P-BENZOQUINONE," 2,5-CYCLOHEXADIENE-1,4-DIONE",,,,,,,,,,,,,,,
109-76-2, TRIMETHYLENEDIAMINE,,,,,,,176.18,177.12,,,,,,,,,,,,,,,,,,,,,," 1,3-PROPANEDIAMINE", TRIMETHYLENEDIAMINE," 1,3-DIAMINOPROPANE",,,,,,,,,,,,,,,,,
92-93-3, 4-NITROBIPHENYL,,,,,,,175.105,,,,,,,,,,,,,,,,,,,,,,, 4-NITROBIPHENYL, 4-NITRODIPHENYL," NITROBIPHENYL, P-"," NITROBIPHENYL, MU-"," 1,1'-BIPHENYL, 4-NITRO-"," 4-NITRO-1,1'-BIPHENYL"," BIPHENYL, 4-NITRO-", 1-NITRO-4-PHENYLBENZENE, 4-PHENYLNITROBENZENE,,,,,,,,,,,
123-31-9, HYDROQUINONE,,,,,,,175.105,176.17,177.242,,,,,,,,,,,,,,,,,,,,, HYDROQUINONE, QUINOL," 1,4-BENZENEDIOL"," HYDROQUINONE, P-",,,,,,,,,,,,,,,,
110-91-8, MORPHOLINE,,,,,,,173.31,175.105,176.18,176.21,178.33,,,,,,,,,,,,,,,,,,, MORPHOLINE," TETRAHYDRO-1,4-OXAZINE"," TETRAHYDRO-2H-1,4-OXAZINE",,,,,,,,,,,,,,,,,
67-66-3, CHLOROFORM,,,,,,,175.105,177.158,177.1585,,,,,,,,,,,,,,,,,,,,, CHLOROFORM, TRICHLOROMETHANE," METHANE, TRICHLORO-", trichloroform,,,,,,,,,,,,,,,,
97-53-0, EUGENOL,,,,,,,177.28,184.1257,,,,,,,,,,,,,,,,,,,,,, EUGENOL, 2-METHOXY-4-(2-PROPENYL)PHENOL, CARYOPHYLLIC ACID, EUGENIC ACID, 1-HYDROXY-2-METHOXY-4-PROPENYLBENZENE, 2-METHOXY-4-(2-PROPEN-1-YL)PHENOL, 2-METHOXY-4-ALLYLPHENOL, 4-ALLYL-2-METHOXYPHENOL, 4-ALLYLCATECHOL 2-METHYL ETHER, 4-ALLYLGUAIACOL, 4-HYDROXY-3-METHOXY-1-ALLYLBENZENE, 4-HYDROXY-3-METHOXYALLYLBENZENE," PHENOL, 2-METHOXY-4-(2-PROPENYL)-"," PHENOL, 4-ALLYL-2-METHOXY-",,,,,,
118-75-2, CHLORANIL,,,,,,,177.26,,,,,,,,,,,,,,,,,,,,,,, CHLORANIL, TETRACHLORO-P-BENZOQUINONE, TETRACHLOROBENZOQUINONE," CHLORANIL, P-"," TETRACHLORO-1,4-BENZOQUINONE"," 2,3,5,6-TETRACHLOROBENZOQUINONE"," 2,5-CYCLOHEXADIENE-1,4-DIONE, 2,3,5,6-TETRACHLORO-"," 2,3,5,6-TETRACHLORO-2,5-CYCLOHEXADIENE-1,4-DIONE"," P-BENZOQUINONE, 2,3,5,6-TETRACHLORO-"," 2,3,5,6-tetrachloro-p-benzoquinone"," 1,2,4,5-tetrachlorobenzoquinone"," 2,3,5,6-tetrachloro-1,4-benzoquinone"," 2,3,5,6-tetrachlorohexadiene-1,4-dione"," chloranil, alpha-"," 2,3,5,6-tetrachloroquinone", quinone tetrachloride, tetrachloro-p-quinone,,,
67-64-1, ACETONE,73.1,73.3,73.345,73.615,,,173.21,175.105,175.32,176.18,176.3,177.26,,,,,,,,,,,,,,,,,, ACETONE, DIMETHYL KETONE, BETA-KETOPROPANE, PYROACETIC ETHER, 2-OXOPROPANE, 2-PROPANONE, METHYL KETONE, DIMETHYLFORMALDEHYDE,,,,,,,,,,,,
629-54-9, PALMITAMIDE,,,,,,,175.105,175.3,178.391,179.45,181.28,,,,,,,,,,,,,,,,,,, PALMITAMIDE, PALMITIC ACID AMIDE, HEXADECANAMIDE,,,,,,,,,,,,,,,,,
65-85-0, BENZOIC ACID,,,,,,,175.3,177.139,184.1021,,,,,,,,,,,,,,,,,,,,166.110, BENZOIC ACID, BENZENECARBOXYLIC ACID, BENZENEFORMIC ACID, CARBOXYBENZENE, DRACYLIC ACID, PHENYLCARBOXYLIC ACID, PHENYLFORMIC ACID, BENZENEMETHANOIC ACID,,,,,,,,,,,,
528-44-9, TRIMELLITIC ACID,,,,,,,175.3,175.32,177.139,177.242,,,,,,,,,,,,,,,,,,,, TRIMELLITIC ACID," 1,2,4-TRICARBOXYBENZENE"," 1,2,4-BENZENETRICARBOXYLIC ACID",,,,,,,,,,,,,,,,,
620-17-7," ETHYLPHENOL, M-",,,,,,,,,,,,,,,,,,,,,,,,,,,,,, 3-ETHYLPHENOL," ETHYLPHENOL, M-"," PHENOL, 3-ETHYL-"," PHENOL, M-ETHYL-", 1-ETHYL-3-HYDROXYBENZENE,,,,,,,,,,,,,,,
104-40-5," NONYLPHENOL, P-",,,,,,,175.3,178.201,,,,,,,,,,,,,,,,,,,,,, 4-NONYLPHENOL," NONYLPHENOL, P-"," PHENOL, 4-NONYL-"," PHENOL, P-NONYL-",,,,,,,,,,,,,,,,
7440-66-6, ZINC,,,,,,,172.898,175.39,,,,,,,,,,,,,,,,,,,,,, ZINC, C.I. 77945, C.I. PIGMENT METAL 6, PIGMENT METAL 6,,,,,,,,,,,,,,,,
7439-96-5, MANGANESE,,,,,,,172.892,,,,,,,,,,,,,,,,,,,,,,, MANGANESE, MANGANESE ELEMENTAL,,,,,,,,,,,,,,,,,,
628-63-7, AMYL ACETATE,,,,,,,175.105,,,,,,,,,,,,,,,,,,,,,,, AMYL ACETATE, PENTYL ACETATE," ACETIC ACID, PENTYL ESTER", 1-ACETOXYPENTANE,,,,,,,,,,,,,,,,
102-71-6, TRIETHANOLAMINE,,,,,,,173.315,175.105,175.3,175.38,175.39,176.17,176.18,176.2,176.21,177.12,177.121,177.168,177.226,177.26,178.391,,,,,,,,, TRIETHANOLAMINE, TROLAMINE," ETHANOL, 2,2',2''-NITRILOTRIS-"," 2,2',2''-NITRILOTRIS(ETHANOL)"," ETHANOL, 2,2',2''-NITRILOTRI-"," 2,2',2''-NITRILOTRIETHANOL", NITRILOTRIETHANOL, TRIS(BETA-HYDROXYETHYL)AMINE, TRIS(2-HYDROXYETHYL)AMINE,,,,,,,,,,,
520-45-6, DEHYDROACETIC ACID,,,,,,,172.13,175.105,,,,,,,,,,,,,,,,,,,,,, DEHYDROACETIC ACID, DHAA," 2H-PYRAN-2,4(3H)-DIONE, 3-ACETYL-6-METHYL-"," 3-ACETYL-6-METHYL-2H-PYRAN-2,4(3H)-DIONE"," 2H-PYRAN-2-ONE, 3-ACETYL-4-HYDROXY-6-METHYL-", 3-ACETYL-4-HYDROXY-6-METHYL-2H-PYRAN-2-ONE," SORBIC ACID, 2-ACETYL-3,5-DIHYDROXY-, DELTA-LACTONE"," 2-ACETYL-3,5-DIHYDROXYSORBIC ACID DELTA-LACTONE",,,,,,,,,,,,
80-56-8, ALPHA-PINENE,,,,,,,172.515,175.3,175.32,,,,,,,,,,,,,,,,,,,,, ALPHA-PINENE, 2-PINENE," 2,6,6-TRIMETHYLBICYCLO(3.1.1)HEPT-2-ENE"," BICYCLO(3.1.1)HEPT-2-ENE, 2,6,6-TRIMETHYL-"," alpha-pinene, (+/-)-"," 2-pinene, (+/-)-",,,,,,,,,,,,,,
137-26-8, THIRAM,,,,,,,175.105,177.26,,,,,,,,,,,,,,,,,,,,,, THIRAM, TETRAMETHYLTHIURAM DISULFIDE, TMTD, THIURAM," DISULFIDE, BIS(DIMETHYLTHIOCARBAMOYL)", BIS(DIMETHYLTHIOCARBAMOYL) DISULFIDE," THIOPEROXYDICARBONIC DIAMIDE (((H2N)C(S))2S2), TETRAMETHYL-", TETRAMETHYLTHIOPEROXYDICARBONIC DIAMIDE,,,,,,,,,,,,
60-24-2, 2-MERCAPTOETHANOL,,,,,,,177.102,177.103,178.201,,,,,,,,,,,,,,,,,,,,, 2-MERCAPTOETHANOL, MERCAPTOETHANOL, 2-THIOETHANOL," ETHANOL, 2-MERCAPTO-", BETA-MERCAPTOETHANOL, 2-HYDROXY-1-ETHANETHIOL, MONOTHIOETHYLENE GLYCOL,,,,,,,,,,,,,
74-85-1, ETHYLENE,,,,,,,175.105,176.18,177.121,177.131,177.1312,177.132,177.133,177.134,177.135,177.136,177.138,177.139,177.152,177.157,177.163,177.195,177.26,177.28,,,,,, ETHYLENE, ETHENE,,,,,,,,,,,,,,,,,,
1314-13-2, ZINC OXIDE,73.1991,73.2991,,,,,175.3,176.17,177.168,177.226,178.3297,182.8991,,,,,,,,,,,,,,,,,, ZINC OXIDE, FLOWERS OF ZINC, ZINC OXIDE (ZNO),,,,,,,,,,,,,,,,,
57-55-6, PROPYLENE GLYCOL,73.3,,,,,,175.3,175.32,176.18,176.21,177.139,177.168,177.242,177.26,177.28,178.33,184.1666,,,,,,,,,,,,169.175, PROPYLENE GLYCOL," 1,2-PROPANEDIOL"," 1,2-PROPYLENE GLYCOL"," 1,2-DIHYDROXYPROPANE", 2-HYDROXYPROPANOL," PROPANE-1,2-DIOL", ISOPROPYLENE GLYCOL, ALPHA-PROPYLENE GLYCOL, METHYLETHYLENE GLYCOL,,,,,,,,,,,
57-13-6, UREA,,,,,,,175.105,175.3,175.352,176.18,176.32,177.12,177.19,184.1923,,,,,,,,,,,,,,,, UREA, CARBAMIDE, CARBAMIMIDIC ACID,,,,,,,,,,,,,,,,,
271-89-6, BENZOFURAN,,,,,,,175.105,,,,,,,,,,,,,,,,,,,,,,, BENZOFURAN, COUMARONE," 2,3-BENZOFURAN", BENZO(B)FURAN, R 7204, AT 33852,,,,,,,,,,,,,,
79-14-1, GLYCOLIC ACID,,,,,,,175.105,,,,,,,,,,,,,,,,,,,,,,, GLYCOLIC ACID, HYDROXYACETIC ACID," ACETIC ACID, HYDROXY-", HYDROXYETHANOIC ACID,,,,,,,,,,,,,,,,
7558-80-7," SODIUM PHOSPHATE, MONOBASIC",73.85,,,,,,172.892,173.31,178.101,182.1778,182.6085,182.6778,182.8778,,,,,,,,,,,,,,,," 133.169 ,  133.173 ,  133.179 ,  160.110"," SODIUM PHOSPHATE, MONOBASIC", MONOSODIUM PHOSPHATE," MONOSODIUM PHOSPHATE, ANHYDROUS", MONOSODIUM ORTHOPHOSPHATE, MONOSODIUM DIHYDROGEN PHOSPHATE, MONOSODIUM MONOPHOSPHATE," PHOSPHORIC ACID, MONOSODIUM SALT"," SODIUM DIHYDROGEN PHOSPHATE, ANHYDROUS", SODIUM BIPHOSPHATE, SODIUM DIHYDROGEN PHOSPHATE, SODIUM ACID PHOSPHATE, SODIUM PHOSPHATE (NAH2PO4),,,,,,,,
108-88-3, TOLUENE,,,,,,,172.723,175.105,175.32,176.18,177.101,177.12,177.144,177.158,177.1585,177.165,177.246,177.26,178.301,,,,,,,,,,, TOLUENE, TOLUOL, METHYLBENZENE," BENZENE, METHYL-", METHYLBENZOL, PHENYLMETHANE,,,,,,,,,,,,,,
4427-76-3, IMINO-BIS-BUTYLAMINE,,,,,,,176.18,177.12,,,,,,,,,,,,,,,,,,,,,, BIS(4-AMINOBUTYL)AMINE, IMINO-BIS-BUTYLAMINE," 4,4'-DIAMINODIBUTYLAMINE"," 4,4'-IMINOBISBUTYLAMINE",,,,,,,,,,,,,,,,
7727-37-9, NITROGEN,,,,,,,177.1615,184.154,,,,,,,,,,,,,,,,,,,,," 169.115 ,  169.140 ,  169.150", NITROGEN,,,,,,,,,,,,,,,,,,,
112-39-0, METHYL PALMITATE,,,,,,,176.2,177.12,,,,,,,,,,,,,,,,,,,,,, METHYL PALMITATE, METHYL HEXADECANOATE," HEXADECANOIC ACID, METHYL ESTER"," PALMITIC ACID, METHYL ESTER",,,,,,,,,,,,,,,,
109-86-4, ETHYLENE GLYCOL MONOMETHYL ETHER,,,,,,,175.105,,,,,,,,,,,,,,,,,,,,,,, ETHYLENE GLYCOL MONOMETHYL ETHER," ETHANOL, 2-METHOXY-", 2-METHOXYETHANOL,,,,,,,,,,,,,,,,,
76-22-2, CAMPHOR,,,,,,,175.105,,,,,,,,,,,,,,,,,,,,,,, CAMPHOR, CAMPHOR WAX," CAMPHOR, SYNTHETIC"," CAMPHOR, TECHNICAL", GUM CAMPHOR," BICYCLO(2.2.1)HEPTAN-2-ONE, 1,7,7-TRIMETHYL-"," 1,7,7-TRIMETHYLBICYCLO(2.2.1)HEPTAN-2-ONE"," 1,7,7-TRIMETHYLNORCAMPHOR", 2-BORNANONE,,,,,,,,,,,
112-80-1, OLEIC ACID,,,,,,,172.21,172.86,173.315,175.105,176.18,177.12,177.26,182.7,182.9,,,,,,,,,,,,,,, OLEIC ACID," 9-OCTADECENOIC ACID, CIS-", RED OIL," OLEIC ACID, CIS-", WHITE OLEIC ACID, OLEINIC ACID, 9-OCTADECENOIC ACID (9Z)-, DELTA9-CIS-OCTADECENOIC ACID,,,,,,,,,,,,
599-64-4, P-CUMYLPHENOL,,,,,,,177.158,177.1585,,,,,,,,,,,,,,,,,,,,,, 4-CUMYLPHENOL, 4-(1-METHYL-1-PHENYLETHYL)PHENOL," CUMYLPHENOL, P-"," PHENOL, 4-(1-METHYL-1-PHENYLETHYL)-"," PHENOL, P-(ALPHA,ALPHA-DIMETHYLBENZYL)-"," (ALPHA,ALPHA-DIMETHYLBENZYL)PHENOL, P-", 4-HYDROXYDIPHENYLDIMETHYLMETHANE,,,,,,,,,,,,,
17455-13-9," 1,4,7,10,13,16-HEXAOXACYCLOOCTADECANE",,,,,,,177.24,,,,,,,,,,,,,,,,,,,,,,," 1,4,7,10,13,16-HEXAOXACYCLOOCTADECANE", 18-CROWN-6,,,,,,,,,,,,,,,,,,
557-34-6, ZINC ACETATE,,,,,,,175.105,,,,,,,,,,,,,,,,,,,,,,, ZINC ACETATE," ACETIC ACID, ZINC SALT", ZINC DIACETATE, ZINC(II) ACETATE,,,,,,,,,,,,,,,,
7601-54-9," SODIUM PHOSPHATE, TRIBASIC",73.85,,,,,,173.31,178.101,182.1778,182.6778,,,,,,,,,,,,,,,,,,," 133.169 ,  133.173 ,  133.179"," SODIUM PHOSPHATE, TRIBASIC"," PHOSPHORIC ACID, TRISODIUM SALT", SODIUM ORTHOPHOSPHATE, SODIUM PHOSPHATE (NA3PO4)," SODIUM ORTHOPHOSPHATE, TRIBASIC", TRISODIUM ORTHOPHOSPHATE,,,,,,,,,,,,,,
629-11-8, HEXAMETHYLENE GLYCOL,,,,,,,175.105,177.139,177.168,,,,,,,,,,,,,,,,,,,,, HEXAMETHYLENE GLYCOL, HEXAMETHYLENEDIOL," 1,6-HEXANEDIOL"," ALPHA,OMEGA-HEXANEDIOL", OMEGA-HEXANEDIOL," 1,6-DIHYDROXYHEXANE",,,,,,,,,,,,,,
7632-00-0, SODIUM NITRITE,,,,,,,172.17,172.175,172.177,172.82,172.824,175.105,175.3,176.17,176.18,177.121,177.26,178.357,178.391,181.33,,,,,,,,,, SODIUM NITRITE," NITROUS ACID, SODIUM SALT",,,,,,,,,,,,,,,,,,
7440-09-7, POTASSIUM,,,,,,,176.2,177.12,177.226,,,,,,,,,,,,,,,,,,,,, POTASSIUM,,,,,,,,,,,,,,,,,,,
144-62-7, OXALIC ACID,,,,,,,177.101,177.241,,,,,,,,,,,,,,,,,,,,,, OXALIC ACID, ETHANEDIOIC ACID,,,,,,,,,,,,,,,,,,
113-00-8, GUANIDINE,,,,,,,176.18,177.12,,,,,,,,,,,,,,,,,,,,,, GUANIDINE, AMINOMETHANAMIDINE, CARBAMAMIDINE, CARBAMIDINE, AMINOFORMAMIDINE, IMINOUREA,,,,,,,,,,,,,,
127-18-4, TETRACHLOROETHYLENE,,,,,,,175.105,178.301,,,,,,,,,,,,,,,,,,,,,, TETRACHLOROETHYLENE, PERCHLOROETHYLENE," 1,1,2,2-TETRACHLOROETHYLENE", TETRACHLORETHYLENE," ETHENE, TETRACHLORO-"," ETHYLENE, TETRACHLORO-",,,,,,,,,,,,,,
98-54-4," 4-(1,1-DIMETHYLETHYL)PHENOL",,,,,,,175.3,177.158,177.1585,177.241,,,,,,,,,,,,,,,,,,,, 4-TERT-BUTYLPHENOL," BUTYLPHENOL, P-TERT-"," 4-(1,1-DIMETHYLETHYL)PHENOL", BUTYLPHEN," TERT-BUTYLPHENOL, P-"," PHENOL, 4-(1,1-DIMETHYLETHYL)-"," PHENOL, P-TERT-BUTYL-",,,,,,,,,,,,,
110-80-5, ETHYLENE GLYCOL MONOETHYL ETHER,73.1,,,,,,175.105,177.26,,,,,,,,,,,,,,,,,,,,,, ETHYLENE GLYCOL MONOETHYL ETHER," ETHANOL, 2-ETHOXY-", 2-ETHOXYETHANOL,,,,,,,,,,,,,,,,,
101-14-4," 4,4'-METHYLENEBIS(2-CHLOROANILINE)--PROHIBITED",,,,,,,,,,,,,,,,,,,,,,,,,,,,189.28,," 4,4'-METHYLENEBIS(2-CHLOROANILINE)"," ANILINE, 4,4'-METHYLENEBIS(2-CHLORO-"," BENZENAMINE, 4,4'-METHYLENEBIS(2-CHLORO-"," 3,3'-DICHLORO-4,4'-DIAMINODIPHENYLMETHANE"," 4,4'-METHYLENEBIS(O-CHLOROANILINE)"," 4,4'-DIAMINO-3,3'-DICHLORODIPHENYLMETHANE"," 4,4'-METHYLENEBIS(2-CHLOROBENZENAMINE)",,,,,,,,,,,,,
88-32-4, 2-TERT-BUTYL-4-HYDROXYANISOLE,,,,,,,,,,,,,,,,,,,,,,,,,,,,,, 2-TERT-BUTYL-4-HYDROXYANISOLE," PHENOL, 3-(1,1-DIMETHYLETHYL)-4-METHOXY-"," 3-(1,1-DIMETHYLETHYL)-4-METHOXYPHENOL", 3-TERT-BUTYL-4-METHOXYPHENOL, 2-BHA,,,,,,,,,,,,,,,
5274-68-0, POLYOXYETHYLENE (4) LAURYL ETHER,,,,,,,178.352,,,,,,,,,,,,,,,,,,,,,,, LAURETH-4, PEG-4 LAURYL ETHER, POLYOXYETHYLENE (4) LAURYL ETHER," 3,6,9,12-TETRAOXATETRACOSAN-1-OL", TETRAETHYLENE GLYCOL MONODODECYL ETHER, 2-(2-(2-(2-(DODECYLOXY)ETHOXY)ETHOXY)ETHOXY)ETHANOL, ALPHA-DODECYL-OMEGA-HYDROXYTETRAKIS(OXYETHYLENE),,,,,,,,,,,,,
71-43-2, BENZENE,,,,,,,172.56,175.105,,,,,,,,,,,,,,,,,,,,,, BENZENE, COAL NAPHTHA, BENZOL," BENZENE, UNREFINED"," BENZENE, CRUDE", CYCLOHEXATRIENE,,,,,,,,,,,,,,
7440-23-5, SODIUM,,,,,,,176.2,177.12,177.226,,,,,,,,,,,,,,,,,,,,, SODIUM,,,,,,,,,,,,,,,,,,,
108-31-6, MALEIC ANHYDRIDE,,,,,,,175.105,175.3,176.17,176.18,177.152,177.163,177.168,177.182,178.387,,,,,,,,,,,,,,, MALEIC ANHYDRIDE, MALEIC ACID ANHYDRIDE," 2,5-FURANDIONE"," DIHYDRO-2,5-DIOXOFURAN",,,,,,,,,,,,,,,,
7173-51-5, DIDECYLDIMETHYLAMMONIUM CHLORIDE,,,,,,,178.101,,,,,,,,,,,,,,,,,,,,,,, DIDECYLDIMETHYLAMMONIUM CHLORIDE," AMMONIUM, DIDECYLDIMETHYL-, CHLORIDE"," N-DECYL-N,N-DIMETHYL-1-DECANAMINIUM CHLORIDE", QUATERNIUM-12," 1-DECANAMINIUM, N-DECYL-N,N-DIMETHYL-, CHLORIDE",,,,,,,,,,,,,,,
79-09-4, PROPIONIC ACID,,,,,,,178.101,184.1081,,,,,,,,,,,,,,,,,,,,,, PROPIONIC ACID, ETHYLFORMIC ACID, METHYLACETIC ACID, C3 ACID, PROPANOIC ACID,,,,,,,,,,,,,,,
71-55-6," 1,1,1-TRICHLOROETHANE",,,,,,,175.105,177.165,,,,,,,,,,,,,,,,,,,,,," 1,1,1-TRICHLOROETHANE"," ETHANE, 1,1,1-TRICHLORO-", CHLORTEN, METHYLCHLOROFORM, TRICHLOROMETHYLMETHANE," 1,1,1-TCE",,,,,,,,,,,,,,
109-99-9, TETRAHYDROFURAN,,,,,,,175.105,175.32,177.12,178.395,,,,,,,,,,,,,,,,,,,, TETRAHYDROFURAN, THF," FURAN, TETRAHYDRO-"," BUTANE ALPHA,DELTA-OXIDE"," 1,4-EPOXYBUTANE", CYCLOTETRAMETHYLENE OXIDE, OXACYCLOPENTANE, TETRAMETHYLENE OXIDE,,,,,,,,,,,,
115-07-1, PROPYLENE,,,,,,,175.105,175.3,177.12,177.152,177.198,177.225,177.26,,,,,,,,,,,,,,,,, PROPYLENE, 1-PROPENE, PROPENE, METHYLETHYLENE, 1-PROPYLENE,,,,,,,,,,,,,,,
56-18-8, IMINO-BIS-PROPYLAMINE,,,,,,,176.18,177.12,,,,,,,,,,,,,,,,,,,,,, BIS(3-AMINOPROPYL)AMINE, DIPROPYLENETRIAMINE," 3,3'-DIAMINODIPROPYLAMINE"," 3,3'-IMINOBISPROPYLAMINE",,,,,,,,,,,,,,,,
79-06-1, ACRYLAMIDE,,,,,,,172.255,173.5,173.1,175.105,175.3,175.32,176.11,176.17,176.18,177.101,178.352,,,,,,,,,,,,, ACRYLAMIDE, PROPENAMIDE, 2-PROPENAMIDE, VINYL AMIDE, ACRYLIC AMIDE, ETHYLENECARBOXAMIDE," InChI=1/C3H5NO/c1-2-3(4)5/h2H,1H2,(H2,4,5)", InChIKey: HRPVXLWXLXDGHG-UHFFFAOYSA-N,,,,,,,,,,,,
123-54-6," 2,4-PENTANEDIONE",,,,,,,175.105,,,,,,,,,,,,,,,,,,,,,,, ACETYLACETONE, DIACETYLMETHANE, DIACETONE," 2,4-PENTANEDIONE"," BETA,GAMMA-DIOXOPENTANE",,,,,,,,,,,,,,,
150-76-5, 4-METHOXYPHENOL,,,,,,,176.17,177.101,,,,,,,,,,,,,,,,,,,,,, 4-METHOXYPHENOL, HYDROQUINONE MONOMETHYL ETHER, 4-HYDROXYANISOLE," HYDROXYMETHOXYBENZENE, P-"," METHOXYPHENOL, P-"," PHENOL, 4-METHOXY-"," PHENOL, P-METHOXY-", 1-HYDROXY-4-METHOXYBENZENE,,,,,,,,,,,,
151-21-3, SODIUM LAURYL SULFATE,,,,,,,172.21,172.822,175.105,175.3,175.32,176.17,176.18,176.21,177.12,177.121,177.163,177.26,177.28,178.101,179.45,,,,,,,,, SODIUM LAURYL SULFATE, SODIUM LAURYL SULFATE 30%," SODIUM LAURYL SULFATE, DENTAL GRADE", SODIUM DODECYL SULFATE, SULFURIC ACID MONODODECYL ESTER SODIUM SALT, SODIUM MONODODECYL SULFATE,,,,,,,,,,,,,,
111-40-0, DIETHYLENETRIAMINE,,,,,,,173.2,175.105,175.3,176.17,176.18,176.21,177.12,,,,,,,,,,,,,,,,, DIETHYLENETRIAMINE, IMINO-BIS-ETHYLAMINE," 2,2'-DIAMINODIETHYLAMINE"," 2,2'-IMINOBISETHYLAMINE", BIS(2-AMINOETHYL)AMINE," N-(2-AMINOETHYL)-1,2-ETHANEDIAMINE"," 1,2-ETHANEDIAMINE, N-(2-AMINOETHYL)-"," 1,5-DIAMINO-3-AZAPENTANE",,,,,,,,,,,,
7439-95-4, MAGNESIUM,,,,,,,176.2,177.12,177.226,,,,,,,,,,,,,,,,,,,,, MAGNESIUM,,,,,,,,,,,,,,,,,,,
80-05-7, BISPHENOL A,,,,,,,175.105,175.3,177.144,177.158,177.1585,177.228,177.244,,,,,,,,,,,,,,,,, BISPHENOL A, BISPHENOL, DIPHENYLOLPROPANE," ISOPROPYLIDENEDIPHENOL, P,P'-"," DIMETHYLMETHYLENE-P,P'-DIPHENOL", ISOPROPYLIDENEDIPHENOL," 2,2-DI(4-HYDROXYPHENYL)PROPANE"," 2,2-BIS(4-HYDROXYPHENYL)PROPANE"," 4,4'-(1-METHYLETHYLIDENE)BIS(PHENOL)"," PHENOL, 4,4'-(1-METHYLETHYLIDENE)BIS-"," PHENOL, 4,4'-ISOPROPYLIDENEDI-",,,,,,,,,
107-02-8, ACROLEIN,,,,,,,172.892,176.3,,,,,,,,,,,,,,,,,,,,,, ACROLEIN, ACRALDEHYDE, ACRYLIC ALDEHYDE, ALLYL ALDEHYDE, PROPENAL, 2-PROPENAL, ACRYLALDEHYDE, 2-PROPEN-1-ONE, PROP-2-ENAL,,,,,,,,,,,
51-03-6, PIPERONYL BUTOXIDE,,,,,,,,,,,,,,,,,,,,,,,,,,,,,, PIPERONYL BUTOXIDE, BUTYLCARBITYL (6-PROPYLPIPERONYL) ETHER, BUTYL CARBITOL 6-PROPYLPIPERONYL ETHER," 1,3-BENZODIOXOLE, 5-((2-(2-BUTOXYETHOXY)ETHOXY)METHYL)-6-PROPYL-"," 5-((2-(2-BUTOXYETHOXY)ETHOXY)METHYL)-6-PROPYL-1,3-BENZODIOXOLE"," TOLUENE, ALPHA-(2-(2-BUTOXYETHOXY)ETHOXY)-4,5-(METHYLENEDIOXY)-2-PROPYL-"," ALPHA-(2-(2-BUTOXYETHOXY)ETHOXY)-4,5-METHYLENEDIOXY)-2-PROPYLTOLUENE",,,,,,,,,,,,,
302-17-0, CHLORAL HYDRATE,,,,,,,175.105,176.18,,,,,,,,,,,,,,,,,,,,,, CHLORAL HYDRATE," 2,2,2-trichloro-1,1-ethanediol"," 1,1-ethanediol, 2,2,2-trichloro-"," 1,1,1-trichloro-2,2-dihydroxyethane", chloral monohydrate, trichloroacetaldehyde hydrate, trichloroacetaldehyde monohydrate,,,,,,,,,,,,,
100-42-5, STYRENE--NLFG,,,,,,,173.2,173.25,175.105,175.3,175.32,175.38,175.39,176.17,176.18,177.101,177.102,177.103,177.104,177.121,177.163,,,,,,,,, STYRENE, STYROL, PHENYLETHYLENE, VINYLBENZENE, ETHENYLBENZENE, PHENYLETHENE, VINYLBENZOL," BENZENE, ETHENYL-",,,,,,,,,,,,
120-93-4, 2-IMIDAZOLIDINONE,,,,,,,175.105,,,,,,,,,,,,,,,,,,,,,,, 2-IMIDAZOLIDINONE, 2-imidazolidone," N,N'-ethyleneurea", imidazolidinone," urea, ethylene-", tetrahydro-2-oxoglyoxaline," N,N'-(1,2-ethanediyl)urea", 2-oxoimidazolidine,,,,,,,,,,,,
120-47-8, ETHYLPARABEN,,,,,,,175.105,,,,,,,,,,,,,,,,,,,,,,, ETHYLPARABEN, ETHYL P-HYDROXYBENZOATE," BENZOIC ACID, 4-HYDROXY-, ETHYL ESTER", ETHYL 4-HYDROXYBENZOATE," BENZOIC ACID, P-HYDROXY-, ETHYL ESTER",,,,,,,,,,,,,,,
124-40-3, DIMETHYLAMINE,,,,,,,173.2,176.17,,,,,,,,,,,,,,,,,,,,,, DIMETHYLAMINE," METHANAMINE, N-METHYL-", N-METHYLMETHANAMINE," N,N-DIMETHYLAMINE",,,,,,,,,,,,,,,,
98-00-0, FURFURYL ALCOHOL,,,,,,,175.105,,,,,,,,,,,,,,,,,,,,,,, FURFURYL ALCOHOL, 2-FURANMETHANOL, 2-FURANCARBINOL, FURFURYLCARB, FURFURALCOHOL, ALPHA-FURYLCARBINOL, 2-HYDROXYMETHYLFURAN, 2-FURYLCARBINOL, FURFURANOL,,,,,,,,,,,
77-40-7, BISPHENOL B,,,,,,,175.3,,,,,,,,,,,,,,,,,,,,,,, BISPHENOL B," 2,2-BIS(P-HYDROXYPHENYL)BUTANE"," BUTYLIDENEDIPHENOL, P,P'-SEC-"," 2,2-BIS(4-HYDROXYPHENYL)BUTANE"," PHENOL, 4,4'-(1-METHYLPROPYLIDENE)BIS-"," 4,4'-(1-METHYLPROPYLIDENE)BIS(PHENOL)",,,,,,,,,,,,,,
96-45-7, MERCAPTOIMIDAZOLINE--PROHIBITED,,,,,,,,,,,,,,,,,,,,,,,,,,,,189.25,, ETHYLENETHIOUREA, IMIDAZOLIDINETHIONE, MERCAPTOIMIDAZOLINE," 4,5-DIHYDRO-2-MERCAPTOIMIDAZOLE", 2-IMIDAZOLIDINETHIONE, 2-MERCAPTOIMIDAZOLINE,,,,,,,,,,,,,,
2809-21-4," 1-HYDROXYETHYLIDENE-1,1-DIPHOSPHONIC ACID",,,,,,,173.31,173.315,173.37,178.101,,,,,,,,,,,,,,,,,,,, ETIDRONIC ACID," 1-HYDROXYETHYLIDENE-1,1-DIPHOSPHONIC ACID"," 1-HYDROXYETHANE-1,1-DIPHOSPHONIC ACID", HYDROXYETHYLIDENEDIPHOSPHONIC ACID, (1-HYDROXYETHYLIDENE)DIPHOSPHONIC ACID," PHOSPHONIC ACID, (1-HYDROXYETHYLIDENE)DI-"," PHOSPHONIC ACID, (1-HYDROXYETHYLIDENE)BIS-", (1-HYDROXYETHYLIDENE)BIS(PHOSPHONIC ACID)," ETHANE-1-HYDROXY-1,1-DIPHOSPHONIC ACID"," HYDROXYETHANE-1,1-DIPHOSPHONIC ACID",,,,,,,,,,
96-33-3, METHYL ACRYLATE,,,,,,,175.105,175.3,175.32,175.36,175.365,176.17,176.18,177.101,177.12,177.134,177.148,177.163,177.165,177.199,177.242,,,,,,,,, METHYL ACRYLATE, METHYL 2-PROPENOATE," 2-PROPENOIC ACID, METHYL ESTER", METHYL PROP-2-ENOATE, ACRYLIC ACID METHYL ESTER, METHOXYCARBONYLETHYLENE,,,,,,,,,,,,,,
140-88-5, ETHYL ACRYLATE,,,,,,,175.105,175.3,175.32,175.36,176.17,177.101,177.12,177.163,177.242,178.379,,,,,,,,,,,,,, ETHYL ACRYLATE, ETHYL PROPENOATE, ACRYLIC ACID ETHYL ESTER," 2-PROPENOIC ACID, ETHYL ESTER", ETHYL 2-PROPENOATE,,,,,,,,,,,,,,,
514-10-3, ABIETIC ACID,,,,,,,175.105,,,,,,,,,,,,,,,,,,,,,,, ABIETIC ACID," ABIETIC ACID, L-"," 7,13-ABIETADIEN-18-OIC ACID"," 1,2,3,4,4A,4B,5,6,10,10A-DECAHYDRO-1,4A-DIMETHYL-7-(1-METHYLETHYL)-1-PHENANTHRENECARBOXYLIC ACID, (1R,4AR,4BR,10AR)-"," 1-PHENANTHRENECARBOXYLIC ACID, 1,2,3,4,4A,4B,5,6,10,10A-DECAHYDRO-1,4A-DIMETHYL-7-(1-METHYLETHYL)-, (1R,4AR,4BR,10AR)-"," PODOCARPA-7,13-DIEN-15-OIC ACID, 13-ISOPROPYL-"," 13-ISOPROPYLPODOCARPA-7,13-DIEN-15-OIC ACID", SYLVIC ACID," ABIETIC ACID, (-)-",,,,,,,,,,,
141-53-7, SODIUM FORMATE,,,,,,,175.105,186.1756,,,,,,,,,,,,,,,,,,,,,, SODIUM FORMATE," FORMIC ACID, SODIUM SALT",,,,,,,,,,,,,,,,,,
110-16-7, MALEIC ACID,,,,,,,175.105,175.3,175.32,176.17,177.12,177.139,177.242,,,,,,,,,,,,,,,,, MALEIC ACID, 2-BUTENEDIOIC ACID (Z)-," BUTENEDIOIC ACID, CIS-",,,,,,,,,,,,,,,,,
79-20-9, METHYL ACETATE,,,,,,,172.515,175.105,,,,,,,,,,,,,,,,,,,,,, METHYL ACETATE, METHYL ETHANOATE," ACETIC ACID, METHYL ESTER",,,,,,,,,,,,,,,,,
119-36-8, METHYL SALICYLATE,,,,,,,175.105,177.101,,,,,,,,,,,,,,,,,,,,,, METHYL SALICYLATE," WINTERGREEN OIL, SYNTHETIC", METHYL 2-HYDROXYBENZOATE, METHYL O-HYDROXYBENZOATE," BENZOIC ACID, 2-HYDROXY-, METHYL ESTER"," SALICYLIC ACID, METHYL ESTER", 2-CARBOMETHOXYPHENOL,,,,,,,,,,,,,
105-60-2, CAPROLACTAM,,,,,,,176.18,177.12,177.15,,,,,,,,,,,,,,,,,,,,, CAPROLACTAM, EPSILON-CAPROLACTAM," 2H-AZEPIN-2-ONE, HEXAHYDRO-", HEXAHYDRO-2H-AZEPIN-2-ONE, 6-CAPROLACTAM, AMINOCAPROIC LACTAM, 2-OXOHEXAMETHYLENIMINE, 2-KETOHEXAMETHYLENIMINE, HEXANOLACTAM," 1,6-hexalactam",,,,,,,,,,
7722-84-1, HYDROGEN PEROXIDE,,,,,,,172.167,172.723,172.814,172.892,173.315,173.356,173.37,175.105,178.1005,178.101,184.1366,,,,,,,,,,,," 133.113 ,  133.118 ,  133.136 ,  133.144 ,  133.195 ,  160.105 ,  160.145 ,  160.185", HYDROGEN PEROXIDE, PEROXIDE, HYDROGEN PEROXIDE (H2O2),,,,,,,,,,,,,,,,,
62-33-9," EDTA, CALCIUM DISODIUM",73.1,,,,,,172.12,172.135,175.105,176.17,,,,,,,,,,,,,,,,,,," 155.200 ,  155.201 ,  161.173 ,  166.110 ,  169.115 ,  169.140 ,  169.150", CALCIUM DISODIUM ETHYLENEDIAMINETETRAACETATE, CALCIUM DISODIUM EDTA, CALCIUM DISODIUM EDATHAMIL, DISODIUM CALCIUM EDTA, CALCIUM DISODIUM EDETATE," CALCIATE(2-), ((N,N'-1,2-ETHANEDIYLBIS(N-(CARBOXYMETHYL)GLYCINATO))(4-)-N,N',O,O',ON,ON'), DISODIUM, (OC-6-21)-"," CALCIATE(2-), ((ETHYLENEDINITRILO)TETRAACETATO)-, DISODIUM", DISODIUM ((ETHYLENEDINITRILO)TETRAACETATO)CALCIATE, EDETATE CALCIUM DISODIUM, CALCIUM DISODIUM (ETHYLENEDINITRILO)TETRAACETATE, EDTA CALCIUM DISODIUM SALT, EDTA DISODIUM CALCIUM SALT,,,,,,,,
7681-49-4, SODIUM FLUORIDE,,,,,,,175.105,177.28,,,,,,,,,,,,,,,,,,,,,, SODIUM FLUORIDE, SODIUM FLUORIDE (NAF),,,,,,,,,,,,,,,,,,
70-55-3," TOLUENESULFONAMIDE, P-",,,,,,,175.105,177.226,,,,,,,,,,,,,,,,,,,,,," TOLUENESULFONAMIDE, P-"," BENZENESULFONAMIDE, 4-METHYL-", P-TOLUENESULFONAMIDE, 4-METHYLBENZENESULFONAMIDE,,,,,,,,,,,,,,,,
108-90-7, CHLOROBENZENE,,,,,,,175.105,177.158,177.1655,,,,,,,,,,,,,,,,,,,,, CHLOROBENZENE, MONOCHLOROBENZENE," BENZENE, CHLORO-", PHENYL CHLORIDE,,,,,,,,,,,,,,,,
123-03-5, CETYLPYRIDINIUM CHLORIDE,,,,,,,173.375,,,,,,,,,,,,,,,,,,,,,,, CETYLPYRIDINIUM CHLORIDE," PYRIDINIUM, 1-HEXADECYL-, CHLORIDE", N-CETYLPYRIDINIUM CHLORIDE, N-HEXADECYLPYRIDINIUM CHLORIDE, 1-HEXADECYLPYRIDINIUM CHLORIDE, 1-palmitylpyridinium chloride,,,,,,,,,,,,,,
93-35-6, UMBELLIFERONE,,,,,,,175.105,,,,,,,,,,,,,,,,,,,,,,, UMBELLIFERONE, 7-HYDROXYCOUMARIN, 7-OXYCOUMARIN, HYDRANGINE," 2H-1-BENZOPYRAN-2-ONE, 7-HYDROXY-", 7-HYDROXY-2H-1-BENZOPYRAN-2-ONE," COUMARIN, 7-HYDROXY-",,,,,,,,,,,,,
500-38-9, NORDIHYDROGUAIARETIC ACID--PROHIBITED WITH EXCEPTIONS,,,,,,,175.3,177.101,181.24,,,,,,,,,,,,,,,,,,,189.165,, NORDIHYDROGUAIARETIC ACID, DIHYDRONORGUAIARETIC ACID, NDGA, NORHYDROGUAIARETIC ACID," PYROCATECHOL, 4,4'-(2,3-DIMETHYLTETRAMETHYLENE)DI-"," 2,3-DIMETHYL-1,4-BIS(3,4-DIHYDROXYPHENYL)BUTANE"," 1,2-BENZENEDIOL, 4,4'-(2,3-DIMETHYL-1,4-BUTANEDIYL)BIS-"," 4,4'-(2,3-DIMETHYLTETRAMETHYLENE)DIPYROCATECHOL"," 4,4'-(2,3-DIMETHYL-1,4-BUTANEDIYL)BIS(1,2-BENZENEDIOL)",,,,,,,,,,,
77-93-0, TRIETHYL CITRATE,,,,,,,175.3,175.32,181.27,,,,,,,,,,,,,,,,,,,,, TRIETHYL CITRATE, ETHYL CITRATE," TRIETHYL 2-HYDROXY-1,2,3-PROPANETRICARBOXYLATE"," 1,2,3-PROPANETRICARBOXYLIC ACID, 2-HYDROXY-, TRIETHYL ESTER"," CITRIC ACID, TRIETHYL ESTER",,,,,,,,,,,,,,,
2443-39-2," 9,10-EPOXYSTEARIC ACID",,,,,,,178.34,,,,,,,,,,,,,,,,,,,,,,," 9,10-EPOXYSTEARIC ACID", EPOXIDIZED OLEIC ACID," OLEIC ACID, OXIDIZED", OLEIC ACID EPOXIDE," OXIRANEOCTANOIC ACID, 3-OCTYL-"," OCTADECANOIC ACID, 9,10-EPOXY-", 3-OCTYLOXIRANEOCTANOIC ACID,,,,,,,,,,,,,
1806-26-4," OCTYLPHENOL, P-",,,,,,,175.3,177.241,,,,,,,,,,,,,,,,,,,,,, 4-OCTYLPHENOL," OCTYLPHENOL, P-"," PHENOL, 4-OCTYL-"," PHENOL, P-OCTYL-",,,,,,,,,,,,,,,,
110-44-1, SORBIC ACID,,,,,,,172.872,177.226,181.23,182.3089,,,,,,,,,,,,,,,,,,," 133.118 ,  133.123 ,  133.124 ,  133.169 ,  133.173 ,  133.179 ,  133.187 ,  133.188 ,  166.110", SORBIC ACID," 2,4-HEXADIENOIC ACID, (2E,4E)-"," 1,3-PENTADIENE-1-CARBOXYLIC ACID, (E,E)-"," 2,4-HEXADIENOIC ACID, (E,E)-",,,,,,,,,,,,,,,,
7758-11-4, DIPOTASSIUM PHOSPHATE,73.85,,,,,,175.105,182.6285,,,,,,,,,,,,,,,,,,,,," 133.169 ,  133.173 ,  133.179"," POTASSIUM PHOSPHATE, DIBASIC", DIPOTASSIUM PHOSPHATE, DIPOTASSIUM HYDROGEN PHOSPHATE, DIPOTASSIUM MONOPHOSPHATE, DIPOTASSIUM ORTHOPHOSPHATE, POTASSIUM MONOPHOSPHATE, POTASSIUM MONOHYDROGEN PHOSPHATE," PHOSPHORIC ACID, DIPOTASSIUM SALT",,,,,,,,,,,,
106-46-7, P-DICHLOROBENZENE,,,,,,,177.249,,,,,,,,,,,,,,,,,,,,,,," DICHLOROBENZENE, P-"," 1,4-DICHLOROBENZENE"," BENZENE, 1,4-DICHLORO-"," BENZENE, P-DICHLORO-",,,,,,,,,,,,,,,,
75-12-7, FORMAMIDE,,,,,,,175.105,,,,,,,,,,,,,,,,,,,,,,, FORMAMIDE, CARBAMALDEHYDE, FORMIMIDIC ACID, METHANAMIDE,,,,,,,,,,,,,,,,
499-83-2," 2,6-PYRIDINEDICARBOXYLIC ACID",,,,,,,178.101,,,,,,,,,,,,,,,,,,,,,,," 2,6-PYRIDINEDICARBOXYLIC ACID", DPAC," 2,6-DICARBOXYPYRIDINE"," 2,6-DIPICOLINIC ACID", 6-CARBOXYPICOLINIC ACID,,,,,,,,,,,,,,,
306-52-5, TRI-BETA-CHLOROETHYLPHOSPHATE,,,,,,,175.105,,,,,,,,,,,,,,,,,,,,,,, TRICLOFOS, TRICHLOROETHYL PHOSPHATE, TRI-BETA-CHLOROETHYL PHOSPHATE," ETHANOL, 2,2,2-TRICHLORO-, DIHYDROGEN PHOSPHATE"," 2,2,2-TRICHLOROETHANOL DIHYDROGEN PHOSPHATE"," BETA,BETA,BETA-TRICHLOROETHYL PHOSPHATE"," 2,,2,2-TRICHLOROETHYL PHOSPHATE", TRICHLOROETHANOL 1-PHOSPHATE, TRICHLOROETHYL DIHYDROGEN PHOSPHATE,,,,,,,,,,,
109-89-7, DIETHYLAMINE,,,,,,,175.105,177.246,177.26,,,,,,,,,,,,,,,,,,,,, DIETHYLAMINE,,,,,,,,,,,,,,,,,,,
4130-42-1," 2,6-DI-TERT-BUTYL-4-ETHYLPHENOL",,,,,,,178.201,,,,,,,,,,,,,,,,,,,,,,," 2,6-DI-TERT-BUTYL-4-ETHYLPHENOL"," PHENOL, 2,6-BIS(1,1-DIMETHYLETHYL)-4-ETHYL-"," PHENOL, 2,6-DI-TERT-BUTYL-4-ETHYL-"," 2,6-BIS(1,1-DIMETHYLETHYL)-4-ETHYLPHENOL",,,,,,,,,,,,,,,,
67-56-1, METHYL ALCOHOL,73.345,73.615,,,,,172.56,172.859,172.867,173.25,173.385,175.105,175.3,176.18,176.2,176.21,177.12,177.242,177.246,177.28,,,,,,,,,, METHANOL, WOOD NAPHTHA, CARBINOL, WOOD ALCOHOL,,,,,,,,,,,,,,,,
124-04-9, ADIPIC ACID,,,,,,,175.3,175.32,176.17,176.18,177.12,177.139,177.15,177.163,177.168,177.242,177.26,184.1009,,,,,,,,,,,, ADIPIC ACID, HEXANEDIOIC ACID," 1,4-BUTANEDICARBOXYLIC ACID",,,,,,,,,,,,,,,,,
129-00-0, PYRENE,,,,,,,,,,,,,,,,,,,,,,,,,,,,,, PYRENE, BETA-PYRENE, BENZO(DEF)PHENANTHRENE,,,,,,,,,,,,,,,,,
141-43-5, MONOETHANOLAMINE,,,,,,,173.315,175.105,176.18,176.21,176.3,178.312,,,,,,,,,,,,,,,,,, MONOETHANOLAMINE, GLYCINOL (MONOETHANOLAMINE), 2-AMINOETHANOL, COLAMINE," ETHANOL, 2-AMINO-", BETA-AMINOETHYL ALCOHOL, 2-HYDROXYETHYLAMINE,,,,,,,,,,,,,
92-69-3, 4-PHENYLPHENOL,,,,,,,175.3,177.26,,,,,,,,,,,,,,,,,,,,,, 4-PHENYLPHENOL," HYDROXYBIPHENYL, P-"," PHENYLPHENOL, P-"," (1,1'-BIPHENYL)-4-OL", 4-BIPHENYLOL,,,,,,,,,,,,,,,
56-81-5, GLYCERIN,,,,,,,172.811,175.3,175.32,176.21,177.139,177.242,177.28,178.35,182.132,182.9,,,,,,,,,,,,,169.175, GLYCERIN, GLYCERINE, GLYCEROL," 1,2,3-PROPANETRIOL", GLYCYL ALCOHOL," 1,2,3-TRIHYDROXYPROPANE", PROPANETRIOL,,,,,,,,,,,,,
62-53-3, ANILINE,,,,,,,177.241,177.26,,,,,,,,,,,,,,,,,,,,,, ANILINE, BENZENAMINE, BLUE OIL, PHENYLAMINE, ANILINE OIL, AMINOBENZENE, C.I. 76000,,,,,,,,,,,,,
123-96-6, 2-OCTANOL,,,,,,,172.515,176.18,176.21,,,,,,,,,,,,,,,,,,,,, 2-OCTANOL," CAPRYLIC ALCOHOL, SECONDARY"," CAPRYL ALCOHOL, SEC-", HEXYL METHYL CARBINOL, METHYL HEXYL CARBINOL," OCTYL ALCOHOL, SEC-", BETA-OCTYL ALCOHOL," OCTYL ALCOHOL, BETA-", 1-METHYLHEPTYL ALCOHOL, 2-OCTYL ALCOHOL, 2-HYDROXYOCTANE, 1-METHYL-1-HEPTANOL, 1-METHYLHEPTANOL, CAPRYL ALCOHOL,,,,,,
95-13-6, INDENE,,,,,,,175.105,,,,,,,,,,,,,,,,,,,,,,, INDENE, 1H-INDENE, NSC-9270,,,,,,,,,,,,,,,,,
88-26-6," 4-HYDROXYMETHYL-2,6-DI-TERTBUTYLPHENOL",,,,,,,172.15,178.255,,,,,,,,,,,,,,,,,,,,,," 2,6-DI-TERT-BUTYL-4-(HYDROXYMETHYL)PHENOL"," BENZENEMETHANOL, 3,5-BIS(1,1-DIMETHYLETHYL)-4-HYDROXY-"," BENZYL ALCOHOL, 3,5-DI-TERT-BUTYL-4-HYDROXY-", BUTYLATED HYDROXYMETHYLPHENOL, BHT ALCOHOL," ALPHA-HYDROXY-2,6-DI-TERT-BUTYL-P-CRESOL"," 3,5-BIS(1,1-DIMETHYLETHYL)-4-HYDROXYBENZENEMETHANOL"," 3,5-DI-TERT-BUTYL-4-HYDROXYBENZYL ALCOHOL"," 4-HYDROXYMETHYL-2,6-DI-TERT-BUTYLPHENOL",,,,,,,,,,,
92-52-4, BIPHENYL,,,,,,,178.201,,,,,,,,,,,,,,,,,,,,,,, BIPHENYL, DIPHENYL, PHENYLBENZENE," 1,1'-BIPHENYL"," 1,1'-DIPHENYL", BIBENZENE,,,,,,,,,,,,,,
866-84-2, TRIPOTASSIUM CITRATE,,,,,,,175.105,,,,,,,,,,,,,,,,,,,,,,, TRIPOTASSIUM CITRATE," POTASSIUM CITRATE, ANHYDROUS", POTASSIUM TRIBASIC CITRATE," CITRIC ACID, TRIPOTASSIUM SALT"," 1,2,3-PROPANETRICARBOXYLIC ACID, 2-HYDROXY-, TRIPOTASSIUM SALT"," TRIPOTASSIUM 2-HYDROXY-1,2,3-PROPANETRICARBOXYLATE",,,,,,,,,,,,,,
50-21-5, LACTIC ACID,,,,,,,172.814,178.101,184.1061,,,,,,,,,,,,,,,,,,,," 133.123 ,  133.124 ,  133.129 ,  133.169 ,  133.173 ,  133.178 ,  133.179", LACTIC ACID, 2-HYDROXYPROPIONIC ACID, LACTIC ACID USP, ALPHA-HYDROXYPROPIONIC ACID, 2-HYDROXYPROPANOIC ACID," PROPANOIC ACID, 2-HYDROXY-",,,,,,,,,,,,,,
13463-67-7, TITANIUM DIOXIDE,73.1575,73.2575,73.3126,73.35,73.575,,175.105,175.21,175.3,175.38,175.39,176.17,177.12,177.121,177.135,177.14,177.146,177.165,177.168,177.226,177.26,177.28,178.3297,181.3,,,,,, TITANIUM DIOXIDE, TITANIUM PEROXIDE, TITANIUM OXIDE (TIO2), C.I. PIGMENT WHITE 6, TITANIUM(IV) OXIDE, PIGMENT WHITE 6, C.I. 77891,,,,,,,,,,,,,
7664-38-2, PHOSPHORIC ACID,73.275,73.85,,,,,175.3,177.226,178.101,178.352,182.1073,,,,,,,,,,,,,,,,,," 133.123 ,  133.124 ,  133.129 ,  133.169 ,  133.173 ,  133.178 ,  133.179 ,  163.110 ,  163.111 ,  163.112", PHOSPHORIC ACID, ORTHOPHOSPHORIC ACID," PHOSPHORIC ACID, ORTHO-",,,,,,,,,,,,,,,,,
133-06-2, CAPTAN,,,,,,,176.17,176.18,,,,,,,,,,,,,,,,,,,,,, CAPTAN," N-TRICHLOROMETHYLTHIO-4-CYCLOHEXENE-1,2-DICARBOXIMIDE"," N-TRICHLOROMETHYLMERCAPTO-4-CYCLOHEXENE-1,2-DICARBOXIMIDE", N-((TRICHLOROMETHYL)THIO)TETRAHYDROPHTHALAMIDE," 1H-ISOINDOLE-1,3(2H)-DIONE, 3A,4,7,7A-TETRAHYDRO-2-((TRICHLOROMETHYL)THIO)-"," 3A,4,7,7A-TETRAHYDRO-2-((TRICHLOROMETHYL)THIO)-1H-ISOINDOLE-1,3(2H)-DIONE"," 4-CYCLOHEXENE-1,2-DICARBOXIMIDE, N-((TRICHLOROMETHYL)THIO)-"," N-((TRICHLOROMETHYL)THIO)-4-CYCLOHEXENE-1,2-DICARBOXIMIDE",,,,,,,,,,,,
96-18-4," 1,2,3-TRICHLOROPROPANE",,,,,,,177.165,,,,,,,,,,,,,,,,,,,,,,," 1,2,3-TRICHLOROPROPANE", ALLYL TRICHLORIDE, GLYCERYL TRICHLOROHYDRIN," PROPANE, 1,2,3-TRICHLORO-", TRICHLOROHYDRIN,,,,,,,,,,,,,,,
90-30-2, N-PHENYL-1-NAPHTHYLAMINE,,,,,,,177.26,,,,,,,,,,,,,,,,,,,,,,, N-PHENYL-1-NAPHTHYLAMINE, ALPHA-NAPHTHYLPHENYLAMINE, C.I. 44050, PHENYL-ALPHA-NAPHTHYLAMINE, N-PHENYL-1-NAPHTHALENAMINE, N-(1-NAPHTHYL)ANILINE, N-PHENYL-ALPHA-NAPHTHYLAMINE, N-PHENYL-1-AMINONAPHTHALENE, PHENYL-1-NAPHTHYLAMINE," 1-NAPHTHALENAMINE, N-PHENYL-"," 1-NAPHTHYLAMINE, N-PHENYL-", 1-(N-PHENYLAMINO)NAPHTHALENE, 1-(PHENYLAMINO)NAPHTHALENE, 1-ANILINONAPHTHALENE,,,,,,
112-92-5, STEARYL ALCOHOL,,,,,,,172.755,172.864,175.3,176.18,176.2,176.21,177.12,177.139,178.348,,,,,,,,,,,,,,, STEARYL ALCOHOL, 1-OCTADECANOL, ALCOHOL(C18), OCTADECYL ALCOHOL, C18 ALCOHOL, FATTY ALCOHOL(C18), 1-HYDROXYOCTADECANE, STEARIC ALCOHOL,,,,,,,,,,,,
144-55-8, SODIUM BICARBONATE,73.85,,,,,,173.385,178.101,184.1736,,,,,,,,,,,,,,,,,,,," 137.180 ,  137.270 ,  155.191 ,  163.110 ,  163.111 ,  163.112", SODIUM BICARBONATE, BICARBONATE OF SODA, MONOSODIUM CARBONATE, SODIUM ACID CARBONATE, CARBONIC ACID MONOSODIUM SALT, SODIUM HYDROGEN CARBONATE, BICARBONATE DE SODIUM, BAKING SODA (SODIUM BICARBONATE),,,,,,,,,,,,
84-66-2, DIETHYL PHTHALATE,,,,,,,181.27,,,,,,,,,,,,,,,,,,,,,,, DIETHYL PHTHALATE, ETHYL PHTHALATE," 1,2-BENZENEDICARBOXYLIC ACID, DIETHYL ESTER"," DIETHYL 1,2-BENZENEDICARBOXYLATE"," PHTHALIC ACID, DIETHYL ESTER",,,,,,,,,,,,,,,
104-76-7, 2-ETHYL-1-HEXANOL,,,,,,,176.18,176.21,177.12,,,,,,,,,,,,,,,,,,,,, 2-ETHYL-1-HEXANOL, 2-ETHYLHEXYL ALCOHOL, 2-ETHYLHEXANOL, ETHYLHEXANOL, 2-ETHYLHEXAN-1-OL," 1-HEXANOL, 2-ETHYL-",,,,,,,,,,,,,,
67-63-0, ISOPROPYL ALCOHOL,73.1,73.1001,73.3,73.315,73.345,73.615,172.385,172.515,172.56,172.665,172.695,173.24,173.34,175.105,176.18,176.2,176.21,177.12,177.28,178.101,,,,,,,,,, ISOPROPYL ALCOHOL, ISOPROPANOL, 2-PROPANOL, PETROHOL, DIMETHYLCARBINOL," PROPYL ALCOHOL, SEC-",,,,,,,,,,,,,,
21645-51-2, ALUMINUM HYDROXIDE,73.101,,,,,,175.3,176.17,176.21,177.12,177.26,178.3297,182.9,,,,,,,,,,,,,,,,, ALUMINUM HYDROXIDE," ALUMINA, HYDRATED", HYDRATED ALUMINA, ALUMINUM OXIDE HYDRATE," ALUMINUM, HYDRATED", ALUMINUM HYDRATE, ALUMINUM TRIHYDRATE, ALUMINUM HYDROXIDE (AL(OH)3),,,,,,,,,,,,
75-09-2, METHYLENE CHLORIDE,73.1,73.3,73.345,73.615,,,172.56,173.255,175.105,177.158,177.1585,,,,,,,,,,,,,,,,,,, METHYLENE CHLORIDE, DICHLOROMETHANE," METHANE, DICHLORO-",,,,,,,,,,,,,,,,,
94-36-0, BENZOYL PEROXIDE,,,,,,,172.814,175.105,176.17,177.242,177.26,184.1157,,,,,,,,,,,,,,,,," 133.102 ,  133.106 ,  133.111 ,  133.141 ,  133.165 ,  133.181 ,  133.183 ,  133.195 ,  137.105", BENZOYL PEROXIDE, DIBENZOYL PEROXIDE, BENZOYL SUPEROXIDE," PEROXIDE, DIBENZOYL", BENZOPEROXIDE,,,,,,,,,,,,,,,
97-65-4, ITACONIC ACID,,,,,,,175.105,175.32,176.17,176.18,177.101,177.12,177.163,,,,,,,,,,,,,,,,, ITACONIC ACID, METHYLENESUCCINIC ACID, METHYLENEBUTANEDIOIC ACID, PROPYLENEDICARBOXYLIC ACID," SUCCINIC ACID, METHYLENE-"," BUTANEDIOIC ACID, METHYLENE-",,,,,,,,,,,,,,
527-07-1, SODIUM GLUCONATE,,,,,,,178.101,182.6757,,,,,,,,,,,,,,,,,,,,,, SODIUM D-GLUCONATE, SODIUM GLUCONATE," D-GLUCONIC ACID, MONOSODIUM SALT", MONOSODIUM D-GLUCONATE," GLUCONIC ACID, MONOSODIUM SALT, D-",,,,,,,,,,,,,,,
151-56-4, ETHYLENIMINE,,,,,,,176.17,176.18,,,,,,,,,,,,,,,,,,,,,, ETHYLENIMINE, AZIRIDINE, AZACYCLOPROPANE,,,,,,,,,,,,,,,,,
334-48-5, DECANOIC ACID,,,,,,,172.21,172.86,173.34,178.101,,,,,,,,,,,,,,,,,,,, DECANOIC ACID, N-CAPRIC ACID, C10 FATTY ACID, FATTY ACID(C10), DECYLIC ACID, CAPRINIC ACID, 1-NONANECARBOXYLIC ACID, CAPRYNIC ACID,,,,,,,,,,,,
95-80-7," TOLUENE-2,4-DIAMINE",,,,,,,177.26,,,,,,,,,,,,,,,,,,,,,,," TOLUENE-2,4-DIAMINE"," TOLUYLENEDIAMINE, M-"," 2,4-DIAMINOTOLUENE"," 4-METHYL-1,3-BENZENEDIAMINE"," TOLUENEDIAMINE, M-"," 1,3-BENZENEDIAMINE, 4-METHYL-", C.I. 76035," 2,4-TOLUENEDIAMINE",,,,,,,,,,,,
355-42-0, PERFLUOROHEXANE,,,,,,,173.342,,,,,,,,,,,,,,,,,,,,,,, TETRADECAFLUOROHEXANE," HEXANE, TETRADECAFLUORO-", PERFLUOROHEXANE,,,,,,,,,,,,,,,,,
50-70-4, D-SORBITOL,,,,,,,175.3,175.32,176.18,176.21,177.139,177.242,182.9,184.1835,,,,,,,,,,,,,,," 100.130 ,  101.80 ,  101.9", SORBITOL," GLUCITOL, D-"," SORBITOL, D-", SORBIT," SORBITE, D-", D-GLUCITOL, D-SORBITOL,,,,,,,,,,,,,
7553-56-2, IODINE,,,,,,,178.101,,,,,,,,,,,,,,,,,,,,,,, IODINE," IODINE, SUBLIMED",,,,,,,,,,,,,,,,,,
471-34-1, CALCIUM CARBONATE,73.7,73.107,,,,,175.3,176.17,177.16,177.168,177.226,178.3297,181.29,184.1191,,,,,,,,,,,,,,," 137.105 ,  137.185, 137.350 ,  169.115", CALCIUM CARBONATE," CALCIUM CARBONATE, PRECIPITATED", PRECIPITATED CHALK, CARBONIC ACID CALCIUM SALT (1:1), C.I. 77220, C.I. PIGMENT WHITE 18, PIGMENT WHITE 18,,,,,,,,,,,,,
123-99-9, AZELAIC ACID,,,,,,,175.105,175.3,175.32,177.139,177.15,177.163,,,,,,,,,,,,,,,,,, AZELAIC ACID, LEPARGYLIC ACID, NONANEDIOIC ACID," 1,7-HEPTANEDICARBOXYLIC ACID"," 1,7-DICAROXYHEPTANE"," 1,9-NONANEDIOIC ACID", ANCHOIC ACID,,,,,,,,,,,,,
88-99-3, O-PHTHALIC ACID,,,,,,,175.105,175.3,175.32,177.139,,,,,,,,,,,,,,,,,,,, PHTHALIC ACID," 1,2-BENZENEDICARBOXYLIC ACID"," PHTHALIC ACID, O-",,,,,,,,,,,,,,,,,
78-83-1, ISOBUTYL ALCOHOL,73.1,,,,,,172.515,172.859,175.105,176.18,176.2,176.21,177.28,,,,,,,,,,,,,,,,, ISOBUTYL ALCOHOL, ISOBUTANOL, 2-METHYL-1-PROPANOL, ISOPROPYLCARBINOL," 1-PROPANOL, 2-METHYL-",,,,,,,,,,,,,,,
7697-37-2, NITRIC ACID,,,,,,,175.105,176.17,178.101,,,,,,,,,,,,,,,,,,,,, NITRIC ACID, AZOTIC ACID, HYDROGEN NITRATE, NITRIC ACID (HONNO2), NITRYL HYDROXIDE,,,,,,,,,,,,,,,
112-70-9, 1-TRIDECANOL,,,,,,,175.3,176.21,,,,,,,,,,,,,,,,,,,,,, 1-TRIDECANOL," TRIDECANOL, NORMAL"," tridecyl alcohol, n-", n-tridecyl alcohol,,,,,,,,,,,,,,,,
108-93-0, CYCLOHEXANOL,,,,,,,175.105,176.2,176.21,,,,,,,,,,,,,,,,,,,,, CYCLOHEXANOL, HEXAHYDROPHENOL, HEXALIN,,,,,,,,,,,,,,,,,
1948-33-0, TERT-BUTYLHYDROQUINONE,,,,,,,172.185,177.242,,,,,,,,,,,,,,,,,,,,,," BUTYLHYDROQUINONE, TERT-"," HYDROQUINONE, TERT-BUTYL-", MONO-TERT-BUTYLHYDROQUINONE, TBHQ," 2-(1,1-DIMETHYLETHYL)-1,4-BENZENEDIOL"," 1,4-BENZENEDIOL, 2-(1,1-DIMETHYLETHYL)-"," 2-TERT-BUTYL-1,4-BENZENEDIOL", 2-TERT-BUTYLHYDROQUINONE,,,,,,,,,,,,
71-41-0, AMYL ALCOHOL,,,,,,,172.515,176.18,176.21,,,,,,,,,,,,,,,,,,,,, AMYL ALCOHOL, PENTYL ALCOHOL, 1-PENTANOL, PENTANOL, BUTYLCARBINOL,,,,,,,,,,,,,,,
97-77-8, DISULFIRAM,,,,,,,175.105,177.26,,,,,,,,,,,,,,,,,,,,,, DISULFIRAM, TETRAETHYLTHIURAM DISULFIDE, THIURAM E, TETRAETHYLTHIURAM," THIOPEROXYDICARBONIC DIAMIDE (((H2N)C(S))2S2), TETRAETHYL-", TETRAETHYLTHIOPEROXYDICARBONIC DIAMIDE (((H2N)C(S))2S2)," DISULFIDE, BIS(DIETHYLTHIOCARBAMOYL)", BIS(DIETHYLTHIOCARBAMOYL) DISULFIDE, ETHYL THIRAM,,,,,,,,,,,
50-00-0, FORMALDEHYDE,,,,,,,173.34,175.105,175.21,175.3,176.17,176.18,176.2,177.12,177.241,178.312,,,,,,,,,,,,,, FORMALDEHYDE, OXYMETHYLENE, METHANAL,,,,,,,,,,,,,,,,,
135-19-3, BETA-NAPHTHOL,,,,,,,176.18,176.2,176.21,,,,,,,,,,,,,,,,,,,,, 2-NAPHTHOL," naphthol, beta-", 2-naphthalenol, C.I. 37500, C.I. azoic coupling component 1, azoic coupling component 1, C.I. developer 5, developer 5, 2-hydroxynaphthalene, isonaphthol," hydroxynaphthalene, beta-"," naphthyl alcohol, beta-",,,,,,,,
124-09-4, HEXAMETHYLENEDIAMINE,,,,,,,175.105,175.3,177.12,177.15,,,,,,,,,,,,,,,,,,,, HEXAMETHYLENEDIAMINE," 1,6-DIAMINOHEXANE"," 1,6-HEXAMETHYLENEDIAMINE"," 1,6-HEXANEDIAMINE"," ALPHA,OMEGA-HEXANEDIAMINE",,,,,,,,,,,,,,,
2756-87-8, MONOMETHYL FUMARATE,,,,,,,175.105,,,,,,,,,,,,,,,,,,,,,,, MONOMETHYL FUMARATE, METHYL FUMARATE," 2-BUTENEDIOIC ACID (E)-, MONOMETHYL ESTER"," MONOMETHYL 2-BUTENEDIOATE, (E)-"," FUMARIC ACID, MOMOMETHYL ESTER"," FUMARIC ACID, METHYL ESTER", METHYL HYDROGEN FUMARATE,,,,,,,,,,,,,
88-58-4," 2,5-DI-TERT-BUTYLHYDROQUINONE",,,,,,,175.105,176.17,176.18,176.21,177.226,177.242,177.28,,,,,,,,,,,,,,,,," 2,5-DI-TERT-BUTYLHYDROQUINONE", DI-TERT-BUTYLHYDROQUINONE," HYDROQUINONE, 2,5-DI-TERT-BUTYL-"," 1,4-BENZENEDIOL, 2,5-BIS(1,1-DIMETHYLETHYL)-"," 2,5-BIS(1,1-DIMETHYLETHYL)-1,4-BENZENEDIOL",,,,,,,,,,,,,,,
107-21-1, ETHYLENE GLYCOL,,,,,,,172.82,175.105,175.3,175.32,175.39,176.18,176.21,176.3,177.1315,177.132,177.139,177.15,177.163,177.1637,177.168,177.242,178.1345,,,,,,, ETHYLENE GLYCOL," 1,2-ETHANEDIOL",,,,,,,,,,,,,,,,,,
90-00-6, 2-ETHYLPHENOL,,,,,,,,,,,,,,,,,,,,,,,,,,,,,, 2-ETHYLPHENOL," ETHYLPHENOL, O-", PHLOROL," PHENOL, 2-ETHYL-", 1-ETHYL-2-HYDROXYBENZENE," PHENOL, O-ETHYL-",,,,,,,,,,,,,,
112-53-8, LAURYL ALCOHOL,,,,,,,172.515,172.864,175.105,175.3,177.12,177.139,178.348,,,,,,,,,,,,,,,,, LAURYL ALCOHOL, ALCOHOL(C12), DODECYL ALCOHOL, 1-DODECANOL, LAUROYL ALCOHOL, UNDECYL CARBINOL, C12 ALCOHOL, FATTY ALCOHOL(C12), DODECANOL (1-DODECANOL),,,,,,,,,,,
108-10-1, METHYL ISOBUTYL KETONE,,,,,,,172.515,172.842,175.105,176.18,176.2,176.21,177.165,,,,,,,,,,,,,,,,, 4-METHYL-2-PENTANONE, ISOPROPYLACETONE, METHYL ISOBUTYL KETONE, HEXONE, ISOBUTYL METHYL KETONE, ISOHEXANONE," 2-PENTANONE, 4-METHYL-", 2-METHYL-4-PENTANONE, 4-METHYL-2-OXOPENTANE, 2-METHYLPROPYL METHYL KETONE,,,,,,,,,,
141-97-9, ETHYL ACETOACETATE,,,,,,,172.515,175.3,,,,,,,,,,,,,,,,,,,,,, ETHYL ACETOACETATE, ACETOACETIC ESTER, ETHYL 3-OXOBUTANOATE, ETHYL ACETYLACETATE, ETHYL BETA-KETOBUTYRATE," BUTANOIC ACID, 3-OXO-, ETHYL ESTER"," ACETOACETIC ACID, ETHYL ESTER",,,,,,,,,,,,,
112-30-1, 1-DECANOL,,,,,,,172.515,172.864,175.3,176.17,177.139,178.348,,,,,,,,,,,,,,,,,, DECYL ALCOHOL, ALCOHOL(C10), 1-DECANOL, DECANOL-1, NONYLCARBINOL, CAPRIC ALCOHOL, C10 ALCOHOL, FATTY ALCOHOL(C10), DECYLIC ALCOHOL, CAPRINIC ALCOHOL, 1-HYDROXYDECANE,,,,,,,,,
112-05-0, NONANOIC ACID,,,,,,,172.515,173.315,178.101,,,,,,,,,,,,,,,,,,,,, PELARGONIC ACID, NONANOIC ACID, NONYLIC ACID, NONOIC ACID, 1-OCTANECARBOXYIC ACID,,,,,,,,,,,,,,,
111-42-2, DIETHANOLAMINE,,,,,,,175.105,176.17,176.18,176.21,177.12,177.26,177.28,178.313,,,,,,,,,,,,,,,, DIETHANOLAMINE," 2,2'-IMINODIETHANOL"," 2,2'-IMINOBIS(ETHANOL)"," ETHANOL, 2,2'-IMINOBIS-"," ETHANOL, 2,2'-IMINODI-",,,,,,,,,,,,,,,
106-44-5, P-CRESOL,,,,,,,172.515,175.3,177.241,,,,,,,,,,,,,,,,,,,,, 4-METHYLPHENOL," METHYLPHENOL, P-", 1-HYDROXY-4-METHYLBENZENE," HYDROXYTOLUENE, P-", 4-CRESOL, P-CRESOL, 1-METHYL-4-HYDROXYBENZENE," CRESYLIC ACID, P-"," PHENOL, 4-METHYL-", 4-HYDROXYTOLUENE," TOLUOL, P-"," TOLYL ALCOHOL, P-",,,,,,,,
61-73-4, METHYLENE BLUE,,,,,,,178.101,,,,,,,,,,,,,,,,,,,,,,, METHYLENE BLUE, C.I. BASIC BLUE 9, EXT. D&C BLUE NO. 1, C.I. 52015," 3,7-BIS(DIMETHYLAMINO)PHENOTHIAZIN-5-IUM CHLORIDE", METHYLTHIONINIUM CHLORIDE, TETRAMETHYLTHIONINE CHLORIDE," PHENOTHIAZIN-5-IUM, 3,7-BIS(DIMETHYLAMINO)-, CHLORIDE",,,,,,,,,,,,
69-65-8, MANNITOL,,,,,,,175.3,175.32,177.139,177.242,180.25,,,,,,,,,,,,,,,,,," 100.130 ,  101.80 ,  101.9", MANNITOL," MANNITOL, D-", MANNITE," 1,2,3,4,5,6-HEXANEHEXOL", D-MANNITOL, CORDYCEPIC ACID,,,,,,,,,,,,,,
91-53-2, ETHOXYQUIN,73.275,73.295,,,,,172.14,177.26,,,,,,,,,,,,,,,,,,,,,, ETHOXYQUIN," 6-ETHOXY-1,2-DIHYDRO-2,2,4-TRIMETHYLQUINOLINE"," 1,2-DIHYDRO-6-ETHOXY-2,2,4-TRIMETHYLQUINOLINE"," 1,2-DIHYDRO-2,2,4-TRIMETHYL-6-ETHOXYQUINOLINE"," QUINOLINE, 6-ETHOXY-1,2-DIHYDRO-2,2,4-TRIMETHYL-", NSC-6795,,,,,,,,,,,,,,
124-07-2, OCTANOIC ACID,,,,,,,172.21,172.86,173.315,173.34,173.37,178.101,184.1025,,,,,,,,,,,,,,,,, OCTANOIC ACID, OCTOIC ACID, OCTYLIC ACID, ACID(C8),,,,,,,,,,,,,,,,
78-93-3, 2-BUTANONE,,,,,,,172.515,172.859,175.105,175.32,177.12,,,,,,,,,,,,,,,,,,, 2-BUTANONE, METHYL ETHYL KETONE, METHYLETHYL KETONE, BUTANONE, 3-BUTANONE, ETHYL METHYL KETONE,,,,,,,,,,,,,,
108-46-3, RESORCINOL,,,,,,,177.121,,,,,,,,,,,,,,,,,,,,,,, RESORCINOL, RESORCIN," DIHYDROXYBENZENE, M-"," 1,3-BENZENEDIOL", C.I. 76505," BENZENEDIOL, M-"," 1,3-DIHYDROXYBENZENE"," HYDROQUINONE, M-"," HYDROXYPHENOL, M-", 3-HYDROXYPHENOL,,,,,,,,,,
112-62-9, METHYL OLEATE,,,,,,,175.105,176.2,177.12,,,,,,,,,,,,,,,,,,,,, METHYL OLEATE," OLEIC ACID, METHYL ESTER"," 9-OCTADECENOIC ACID (Z)-, METHYL ESTER"," METHYL 9-OCTADECENOATE, (Z)-", METHYL CIS-9-OCTADECENOATE,,,,,,,,,,,,,,,
7558-79-4," SODIUM PHOSPHATE, DIBASIC",73.85,,,,,,173.31,175.21,175.3,181.29,182.1778,182.629,182.6778,182.8778,,,,,,,,,,,,,,," 133.169 ,  133.173 ,  133.179 ,  135.110 ,  137.305 ,  139.110"," SODIUM PHOSPHATE, DIBASIC"," DISODIUM PHOSPHATE, ANHYDROUS", DISODIUM PHOSPHATE, DISODIUM ORTHOPHOSPHATE," DISODIUM HYDROGEN PHOSPHATE, ANHYDROUS", DISODIUM HYDROGEN PHOSPHATE," PHOSPHORIC ACID, DISODIUM SALT"," SODIUM ACID PHOSPHATE, ANHYDROUS"," SODIUM PHOSPHATE, EXSICCATED",,,,,,,,,,,
97-30-3," METHYLGLUCOSIDE, ALPHA",,,,,,,175.3,175.32,177.139,177.242,,,,,,,,,,,,,,,,,,,, ALPHA-METHYL GLUCOSIDE," ALPHA-D-GLUCOPYRANOSIDE, METHYL", ALPHA-METHYLGLUCOSIDE," GLUCOPYRANOSIDE, METHYL, ALPHA-D-", METHYL ALPHA-D-GLUCOPYRANOSIDE, METHYL ALPHA-GLUCOSIDE," METHYL GLUCOSE, ALPHA-"," METHYL GLUCOSIDE, ALPHA-",,,,,,,,,,,,
141-78-6, ETHYL ACETATE,73.1,,,,,,172.56,172.859,173.228,175.32,177.12,182.6,,,,,,,,,,,,,,,,,, ETHYL ACETATE, ACETIC ETHER, ETHYL ETHANOATE, VINEGAR NAPHTHA, ACETIC ACID ETHYL ESTER,,,,,,,,,,,,,,,
79-01-6, TRICHLOROETHYLENE,73.345,73.615,,,,,172.56,173.29,175.105,177.196,,,,,,,,,,,,,,,,,,,, TRICHLOROETHYLENE," ETHENE, TRICHLORO-", TRICHLOROETHENE," ETHYLENE, TRICHLORO-"," 1,1,2-TRICHLOROETHYLENE",,,,,,,,,,,,,,,
100-97-0, HEXAMETHYLENETETRAMINE,,,,,,,175.105,176.17,176.18,177.121,177.146,177.19,177.241,177.26,181.3,,,,,,,,,,,,,,, METHENAMINE, FORMIN, HEXAMETHYLENETETRAMINE, HEXAMINE (PHARMACEUTICAL)," 1,3,5,7-TETRAAZATRICYCLO(3.3.1.13,7)DECANE",,,,,,,,,,,,,,,
12264-18-5, CALCIUM ETHYLENEDIAMINETETRAACETATE,,,,,,,175.105,176.17,,,,,,,,,,,,,,,,,,,,,, CALCIUM ETHYLENEDIAMINETETRAACETATE, CALCIUM EDTA, EDTA CALCIUM SALT, CALCIUM VERSENATE," CALCIATE(2-), ((N,N'-1,2-ETHANEDIYLBIS(N-(CARBOXYMETHYL)GLYCINATO))(4-)-N,N',O,O',ON,ON')-, DIHYDROGEN, (OC-6-21)-"," CALCIATE(2-), ((ETHYLENEDINITRILO)TETRAACETATO)-, DIHYDROGEN", DIHYDROGEN ((ETHYLENEDINITRILO)TETRAACETATO)CALCIATE(2-)," ETHYLENEDIAMINETETRAACETIC ACID, CALCIUM SALT", MONOCALCIUM ETHYLENEDIAMINETETRAACETATE,,,,,,,,,,,
119-47-1," 2,2'-METHYLENEBIS(4-METHYL-6-TERT-BUTYLPHENOL)",,,,,,,175.105,177.247,177.248,177.26,178.201,,,,,,,,,,,,,,,,,,," 2,2'-METHYLENEBIS(4-METHYL-6-TERT-BUTYLPHENOL)", BIS(2-HYDROXY-3-TERT-BUTYL-5-METHYLPHENYL)METHANE," PHENOL, 2,2'-METHYLENEBIS(6-(1,1-DIMETHYLETHYL)-4-METHYL-"," P-CRESOL, 2,2'-METHYLENEBIS(6-TERT-BUTYL-"," 2,2'-METHYLENEBIS(6-TERT-BUTYL-4-METHYLPHENOL)"," 2,2'-METHYLENEBIS(6-(1,1-DIMETHYLETHYL)-4-METHYLPHENOL)"," 2,2'-METHYLENEBIS(6-TERT-BUTYL-P-CRESOL)"," 3,3'-DI-TERT-BUTYL-2,2'-DIHYDROXY-5,5'-DIMETHYLDIPHENYLMETHANE"," 6,6'-DI-TERT-BUTYL-4,4'-DIMETHYL-2,2'-METHYLEENEPHENOL",,,,,,,,,,,
104-15-4, 4-METHYLBENZENESULFONIC ACID,,,,,,,175.105,,,,,,,,,,,,,,,,,,,,,,, 4-METHYLBENZENESULFONIC ACID," BENZENESULFONIC ACID, 4-METHYL-", P-TOLUENESULFONIC ACID," TOLUENESULFONIC ACID, P-", TOSIC ACID,,,,,,,,,,,,,,,
